Nome,Squadra,R,attributi,Res. Inf.,Qt.A,Qt.I,Diff.,FVM,Pv 23_24,Mv 23_24,Fm 23_24,Gf 23_24,Gs 23_24,Rp 23_24,Rc 23_24,R+ 23_24,R- 23_24,Ass 23_24,Amm 23_24,Esp 23_24,Au 23_24,Pv 22_23,Mv 22_23,Fm 22_23,Gf 22_23,Gs 22_23,Rp 22_23,Rc 22_23,R+ 22_23,R- 22_23,Ass 22_23,Amm 22_23,Esp 22_23,Au 22_23,Pv,Mv,Fm,Gf,Gs,Rp,Rc,R+,R-,Ass,Amm,Esp,Au
Sommer,Inter,P,['Titolare'],40%,19,18,1,111,34.0,6.12,5.63,0.0,19.0,1.0,0.0,0.0,0.0,0.0,1.0,0.0,0.0,,,,,,,,,,,,,,,,,,,,,,,,,,
Di Gregorio,Juventus,P,"['Outsider', 'Titolare']",60%,18,17,1,100,33.0,6.35,5.47,0.0,35.0,2.0,0.0,0.0,0.0,0.0,0.0,0.0,0.0,37.0,6.28,4.99,0.0,49.0,0.0,0.0,0.0,0.0,1.0,0.0,0.0,0.0,,,,,,,,,,,,,
Meret,Napoli,P,"['Titolare', 'Buona Media']",60%,15,15,0,72,31.0,6.06,4.97,0.0,40.0,2.0,0.0,0.0,0.0,0.0,0.0,0.0,0.0,34.0,6.18,5.56,0.0,24.0,1.0,0.0,0.0,0.0,0.0,0.0,0.0,0.0,7.0,5.86,5.0,0.0,6.0,0.0,0.0,0.0,0.0,0.0,0.0,0.0,0.0
Maignan,Milan,P,"['Fuoriclasse', 'Titolare', 'Buona Media']",60%,14,15,-1,78,29.0,6.05,4.86,0.0,34.0,0.0,0.0,0.0,0.0,1.0,1.0,1.0,0.0,22.0,6.16,5.34,0.0,21.0,1.0,0.0,0.0,0.0,0.0,0.0,0.0,0.0,32.0,6.27,5.62,0.0,21.0,0.0,0.0,0.0,0.0,1.0,1.0,0.0,0.0
Carnesecchi,Atalanta,P,"['Titolare', 'Giovane talento']",60%,13,13,0,55,27.0,6.19,5.3,0.0,30.0,2.0,0.0,0.0,0.0,0.0,0.0,0.0,0.0,27.0,6.35,4.63,0.0,47.0,0.0,0.0,0.0,0.0,1.0,1.0,0.0,0.0,,,,,,,,,,,,,
Svilar,Roma,P,"['Outsider', 'Titolare']",60%,13,13,0,69,15.0,6.47,5.37,0.0,19.0,1.0,0.0,0.0,0.0,0.0,1.0,0.0,0.0,3.0,6.0,4.83,0.0,3.0,0.0,0.0,0.0,0.0,0.0,1.0,0.0,0.0,,,,,,,,,,,,,
Milinkovic-Savic V.,Torino,P,,,12,10,2,47,36.0,6.12,5.24,0.0,31.0,0.0,0.0,0.0,0.0,0.0,2.0,0.0,0.0,38.0,6.03,4.89,0.0,41.0,0.0,0.0,0.0,0.0,0.0,4.0,0.0,0.0,27.0,6.02,4.85,0.0,33.0,1.0,0.0,0.0,0.0,0.0,3.0,0.0,0.0
Provedel,Lazio,P,"['Titolare', 'Buona Media']",60%,12,12,0,60,30.0,6.23,5.13,0.0,33.0,0.0,0.0,0.0,0.0,0.0,0.0,0.0,0.0,38.0,6.26,5.46,0.0,30.0,0.0,0.0,0.0,0.0,0.0,1.0,0.0,0.0,31.0,6.26,4.48,0.0,52.0,0.0,0.0,0.0,0.0,0.0,2.0,0.0,1.0
Terracciano,Fiorentina,P,['Panchinaro'],60%,12,11,1,20,33.0,6.27,5.26,0.0,35.0,1.0,0.0,0.0,0.0,0.0,3.0,0.0,0.0,29.0,6.0,4.78,0.0,38.0,1.0,0.0,0.0,0.0,0.0,1.0,0.0,0.0,32.0,5.97,4.72,0.0,43.0,1.0,0.0,0.0,0.0,0.0,0.0,0.0,0.0
Skorupski,Bologna,P,"['Titolare', 'Buona Media', 'Rigorista']",60%,11,11,0,53,32.0,6.17,5.33,0.0,29.0,1.0,0.0,0.0,0.0,0.0,2.0,0.0,0.0,37.0,6.19,4.97,0.0,49.0,2.0,0.0,0.0,0.0,0.0,4.0,0.0,0.0,36.0,6.24,4.79,0.0,53.0,1.0,0.0,0.0,0.0,0.0,4.0,0.0,0.0
Gollini,Genoa,P,['Titolare'],80%,10,10,0,38,7.0,6.0,4.86,0.0,8.0,0.0,0.0,0.0,0.0,0.0,0.0,0.0,0.0,7.0,6.07,5.21,0.0,6.0,0.0,0.0,0.0,0.0,0.0,0.0,0.0,0.0,,,,,,,,,,,,,
De Gea,Fiorentina,P,"['Fuoriclasse', 'Titolare']",60%,10,11,-1,39,,,,,,,,,,,,,,,,,,,,,,,,,,,,,,,,,,,,,,,
Scuffet,Cagliari,P,['Titolare'],60%,8,7,1,29,31.0,6.13,4.31,0.0,55.0,0.0,0.0,0.0,0.0,0.0,3.0,0.0,0.0,,,,,,,,,,,,,,0.0,0.0,0.0,0.0,0.0,0.0,0.0,0.0,0.0,0.0,0.0,0.0,0.0
Audero,Como,P,['Titolare'],60%,8,9,-1,27,4.0,6.0,5.25,0.0,3.0,0.0,0.0,0.0,0.0,0.0,0.0,0.0,0.0,25.0,6.3,4.88,0.0,39.0,2.0,0.0,0.0,0.0,0.0,1.0,0.0,1.0,29.0,6.12,4.53,0.0,48.0,1.0,0.0,0.0,0.0,0.0,2.0,0.0,0.0
Falcone,Lecce,P,['Titolare'],60%,8,9,-1,29,38.0,6.25,4.91,0.0,54.0,1.0,0.0,0.0,0.0,0.0,0.0,0.0,0.0,38.0,6.25,5.09,0.0,46.0,1.0,0.0,0.0,0.0,0.0,2.0,0.0,0.0,10.0,6.45,4.95,0.0,14.0,0.0,0.0,0.0,0.0,0.0,2.0,0.0,0.0
Turati,Monza,P,"['Titolare', 'Giovane talento']",80%,8,8,0,23,31.0,6.19,4.42,0.0,58.0,1.0,0.0,0.0,0.0,0.0,0.0,0.0,0.0,,,,,,,,,,,,,,0.0,0.0,0.0,0.0,0.0,0.0,0.0,0.0,0.0,0.0,0.0,0.0,0.0
Okoye,Udinese,P,"['Outsider', 'Titolare']",40%,8,7,1,31,21.0,6.17,4.93,0.0,25.0,0.0,0.0,0.0,0.0,0.0,2.0,0.0,0.0,,,,,,,,,,,,,,,,,,,,,,,,,,
Joronen,Venezia,P,['Titolare'],60%,7,6,1,21,,,,,,,,,,,,,,,,,,,,,,,,,,,,,,,,,,,,,,,
Montipo',Verona,P,,,7,7,0,30,37.0,6.31,4.99,0.0,49.0,0.0,0.0,0.0,0.0,0.0,0.0,0.0,0.0,37.0,6.19,4.66,0.0,59.0,1.0,0.0,0.0,0.0,0.0,1.0,0.0,0.0,34.0,6.09,4.69,0.0,50.0,1.0,0.0,0.0,0.0,0.0,1.0,0.0,0.0
Suzuki,Parma,P,"['Titolare', 'Giovane talento']",60%,7,7,0,22,,,,,,,,,,,,,,,,,,,,,,,,,,,,,,,,,,,,,,,
Vasquez D.,Empoli,P,,,6,5,1,14,,,,,,,,,,,,,,0.0,0.0,0.0,0.0,0.0,0.0,0.0,0.0,0.0,0.0,0.0,0.0,0.0,,,,,,,,,,,,,
Pizzignacco,Monza,P,"['Titolare', 'Giovane talento']",60%,3,1,2,15,,,,,,,,,,,,,,,,,,,,,,,,,,,,,,,,,,,,,,,
Perin,Juventus,P,"['Panchinaro', 'Buona Media']",60%,2,2,0,3,3.0,6.0,5.67,0.0,1.0,0.0,0.0,0.0,0.0,0.0,0.0,0.0,0.0,11.0,6.41,6.05,0.0,7.0,1.0,0.0,0.0,0.0,0.0,0.0,0.0,0.0,5.0,6.1,4.7,0.0,7.0,0.0,0.0,0.0,0.0,0.0,0.0,0.0,0.0
Reina,Como,P,['Panchinaro'],40%,2,2,0,12,,,,,,,,,,,,,,,,,,,,,,,,,,,15.0,5.97,4.0,0.0,29.0,0.0,0.0,0.0,0.0,1.0,3.0,0.0,0.0
Caprile,Napoli,P,"['Panchinaro', 'Giovane talento']",60%,2,2,0,4,23.0,6.26,5.22,0.0,27.0,1.0,0.0,0.0,0.0,0.0,0.0,0.0,0.0,,,,,,,,,,,,,,,,,,,,,,,,,,
Martinez Jo.,Inter,P,,,2,2,0,4,36.0,6.14,4.97,0.0,43.0,1.0,0.0,0.0,0.0,0.0,2.0,1.0,0.0,,,,,,,,,,,,,,,,,,,,,,,,,,
Sportiello,Milan,P,"['Panchinaro', 'Buona Media']",80%,1,1,0,1,7.0,6.14,4.57,0.0,11.0,0.0,0.0,0.0,0.0,0.0,0.0,0.0,0.0,15.0,6.13,4.73,0.0,21.0,0.0,0.0,0.0,0.0,0.0,0.0,0.0,0.0,5.0,6.3,5.3,0.0,5.0,0.0,0.0,0.0,0.0,0.0,0.0,0.0,0.0
Leali,Genoa,P,['Panchinaro'],60%,1,1,0,1,2.0,6.5,5.25,0.0,2.0,0.0,0.0,0.0,0.0,0.0,1.0,0.0,0.0,,,,,,,,,,,,,,,,,,,,,,,,,,
Donnarumma An.,Torino,P,,,1,1,0,1,,,,,,,,,,,,,,,,,,,,,,,,,,,,,,,,,,,,,,,
Sommariva,Genoa,P,['Panchinaro'],60%,1,1,0,1,0.0,0.0,0.0,0.0,0.0,0.0,0.0,0.0,0.0,0.0,0.0,0.0,0.0,,,,,,,,,,,,,,,,,,,,,,,,,,
Perilli,Verona,P,,,1,1,0,1,1.0,7.5,5.5,0.0,2.0,0.0,0.0,0.0,0.0,0.0,0.0,0.0,0.0,1.0,6.5,6.5,0.0,0.0,0.0,0.0,0.0,0.0,0.0,0.0,0.0,0.0,,,,,,,,,,,,,
Padelli,Udinese,P,['Panchinaro'],80%,1,1,0,1,0.0,0.0,0.0,0.0,0.0,0.0,0.0,0.0,0.0,0.0,0.0,0.0,0.0,0.0,0.0,0.0,0.0,0.0,0.0,0.0,0.0,0.0,0.0,0.0,0.0,0.0,3.0,6.17,3.5,0.0,8.0,0.0,0.0,0.0,0.0,0.0,0.0,0.0,0.0
Perisan,Empoli,P,['Panchinaro'],60%,1,1,0,1,1.0,5.0,3.0,0.0,2.0,0.0,0.0,0.0,0.0,0.0,0.0,0.0,0.0,7.0,6.21,4.93,0.0,9.0,0.0,0.0,0.0,0.0,0.0,0.0,0.0,0.0,,,,,,,,,,,,,
Di Gennaro,Inter,P,['Panchinaro'],60%,1,1,0,1,1.0,6.5,6.5,0.0,0.0,0.0,0.0,0.0,0.0,0.0,0.0,0.0,0.0,,,,,,,,,,,,,,,,,,,,,,,,,,
Pinsoglio,Juventus,P,['Panchinaro'],60%,1,1,0,1,1.0,6.5,6.5,0.0,0.0,0.0,0.0,0.0,0.0,0.0,0.0,0.0,0.0,0.0,0.0,0.0,0.0,0.0,0.0,0.0,0.0,0.0,0.0,0.0,0.0,0.0,1.0,6.5,5.5,0.0,1.0,0.0,0.0,0.0,0.0,0.0,0.0,0.0,0.0
Cragno,Monza,P,"['Panchinaro', 'Buona Media']",40%,1,1,0,1,3.0,6.0,3.67,0.0,7.0,0.0,0.0,0.0,0.0,0.0,0.0,0.0,0.0,1.0,5.0,2.0,0.0,3.0,0.0,0.0,0.0,0.0,0.0,0.0,0.0,0.0,35.0,6.24,4.57,0.0,63.0,2.0,0.0,0.0,0.0,0.0,3.0,0.0,0.0
Rossi F.,Atalanta,P,,,1,1,0,1,1.0,6.5,6.5,0.0,0.0,0.0,0.0,0.0,0.0,0.0,0.0,0.0,0.0,0.0,0.0,0.0,0.0,0.0,0.0,0.0,0.0,0.0,0.0,0.0,0.0,0.0,1.0,6.0,5.0,0.0,1.0,0.0,0.0,0.0,0.0,0.0,0.0,0.0,0.0
Fruchtl,Lecce,P,['Panchinaro'],60%,1,1,0,1,,,,,,,,,,,,,,,,,,,,,,,,,,,,,,,,,,,,,,,
Ravaglia F.,Bologna,P,,,1,1,0,1,6.0,6.33,6.33,0.0,3.0,1.0,0.0,0.0,0.0,0.0,0.0,0.0,0.0,0.0,0.0,0.0,0.0,0.0,0.0,0.0,0.0,0.0,0.0,0.0,0.0,0.0,,,,,,,,,,,,,
Vigorito,Como,P,['Panchinaro'],80%,1,1,0,1,,,,,,,,,,,,,,,,,,,,,,,,,,,,,,,,,,,,,,,
Contini,Napoli,P,['Panchinaro'],60%,1,1,0,1,1.0,6.0,6.0,0.0,0.0,0.0,0.0,0.0,0.0,0.0,0.0,0.0,0.0,0.0,0.0,0.0,0.0,0.0,0.0,0.0,0.0,0.0,0.0,0.0,0.0,0.0,0.0,0.0,0.0,0.0,0.0,0.0,0.0,0.0,0.0,0.0,0.0,0.0,0.0
Rui Patricio,Atalanta,P,,,1,1,0,1,23.0,5.98,4.78,0.0,27.0,0.0,0.0,0.0,0.0,0.0,1.0,0.0,0.0,35.0,6.0,5.07,0.0,35.0,1.0,0.0,0.0,0.0,0.0,1.0,0.0,0.0,38.0,6.17,5.09,0.0,43.0,1.0,0.0,0.0,0.0,0.0,2.0,0.0,0.0
Brancolini,Empoli,P,"['Panchinaro', 'Giovane talento']",60%,1,1,0,1,0.0,0.0,0.0,0.0,0.0,0.0,0.0,0.0,0.0,0.0,0.0,0.0,0.0,0.0,0.0,0.0,0.0,0.0,0.0,0.0,0.0,0.0,0.0,0.0,0.0,0.0,,,,,,,,,,,,,
Berardi A.,Verona,P,,,1,1,0,1,0.0,0.0,0.0,0.0,0.0,0.0,0.0,0.0,0.0,0.0,0.0,0.0,0.0,0.0,0.0,0.0,0.0,0.0,0.0,0.0,0.0,0.0,0.0,0.0,0.0,0.0,1.0,6.5,3.5,0.0,3.0,0.0,0.0,0.0,0.0,0.0,0.0,0.0,0.0
Ciocci,Cagliari,P,"['Panchinaro', 'Giovane talento']",60%,1,1,0,1,,,,,,,,,,,,,,,,,,,,,,,,,,,,,,,,,,,,,,,
Paleari,Torino,P,,,1,1,0,1,,,,,,,,,,,,,,,,,,,,,,,,,,,,,,,,,,,,,,,
Ryan,Roma,P,['Panchinaro'],60%,1,1,0,1,,,,,,,,,,,,,,,,,,,,,,,,,,,,,,,,,,,,,,,
Bertinato,Venezia,P,['Panchinaro'],60%,1,1,0,1,,,,,,,,,,,,,,,,,,,,,,,,,,,0.0,0.0,0.0,0.0,0.0,0.0,0.0,0.0,0.0,0.0,0.0,0.0,0.0
Bagnolini,Bologna,P,['Panchinaro'],60%,1,1,0,1,0.0,0.0,0.0,0.0,0.0,0.0,0.0,0.0,0.0,0.0,0.0,0.0,0.0,0.0,0.0,0.0,0.0,0.0,0.0,0.0,0.0,0.0,0.0,0.0,0.0,0.0,,,,,,,,,,,,,
Martinelli T.,Fiorentina,P,,,1,1,0,1,1.0,6.5,4.5,0.0,2.0,0.0,0.0,0.0,0.0,0.0,0.0,0.0,0.0,0.0,0.0,0.0,0.0,0.0,0.0,0.0,0.0,0.0,0.0,0.0,0.0,0.0,,,,,,,,,,,,,
Stankovic F.,Venezia,P,,,1,1,0,1,0.0,0.0,0.0,0.0,0.0,0.0,0.0,0.0,0.0,0.0,0.0,0.0,0.0,,,,,,,,,,,,,,,,,,,,,,,,,,
Christensen O.,Fiorentina,P,,,1,1,0,1,4.0,5.5,3.25,0.0,9.0,0.0,0.0,0.0,0.0,0.0,0.0,0.0,0.0,,,,,,,,,,,,,,,,,,,,,,,,,,
Furlanetto,Lazio,P,"['Panchinaro', 'Giovane talento']",60%,1,1,0,1,,,,,,,,,,,,,,,,,,,,,,,,,,,,,,,,,,,,,,,
Mandas,Lazio,P,"['Panchinaro', 'Giovane talento']",60%,1,1,0,1,8.0,6.25,5.5,0.0,6.0,0.0,0.0,0.0,0.0,0.0,0.0,0.0,0.0,,,,,,,,,,,,,,,,,,,,,,,,,,
Nava,Milan,P,,,1,1,0,1,1.0,5.5,4.5,0.0,1.0,0.0,0.0,0.0,0.0,0.0,0.0,0.0,0.0,,,,,,,,,,,,,,,,,,,,,,,,,,
Samooja,Lecce,P,,,1,1,0,1,0.0,0.0,0.0,0.0,0.0,0.0,0.0,0.0,0.0,0.0,0.0,0.0,0.0,,,,,,,,,,,,,,,,,,,,,,,,,,
Sherri,Cagliari,P,['Panchinaro'],60%,1,1,0,1,,,,,,,,,,,,,,,,,,,,,,,,,,,,,,,,,,,,,,,
Chichizola,Parma,P,['Panchinaro'],60%,1,1,0,1,,,,,,,,,,,,,,,,,,,,,,,,,,,,,,,,,,,,,,,
Corvi,Parma,P,"['Panchinaro', 'Giovane talento']",60%,1,1,0,1,,,,,,,,,,,,,,,,,,,,,,,,,,,,,,,,,,,,,,,
Grandi,Venezia,P,,,1,1,0,1,,,,,,,,,,,,,,,,,,,,,,,,,,,,,,,,,,,,,,,
Torriani,Milan,P,"['Panchinaro', 'Giovane talento']",60%,1,1,0,1,,,,,,,,,,,,,,,,,,,,,,,,,,,,,,,,,,,,,,,
Marin Re.,Roma,P,,,1,1,0,1,,,,,,,,,,,,,,,,,,,,,,,,,,,,,,,,,,,,,,,
Sava,Udinese,P,['Panchinaro'],60%,1,1,0,1,,,,,,,,,,,,,,,,,,,,,,,,,,,,,,,,,,,,,,,
Dimarco,Inter,D,"['Titolare', 'Buona Media', 'Goleador', 'Assistman', 'Piazzati']",60%,24,24,0,101,30.0,6.48,7.18,5.0,0.0,0.0,0.0,0.0,0.0,6.0,0.0,0.0,0.0,33.0,6.21,6.7,4.0,0.0,0.0,0.0,0.0,0.0,4.0,0.0,0.0,0.0,25.0,6.12,6.34,2.0,0.0,0.0,1.0,0.0,1.0,3.0,1.0,0.0,0.0
Hernandez T.,Milan,D,,,20,20,0,80,32.0,6.17,6.45,5.0,0.0,0.0,2.0,1.0,1.0,3.0,10.0,1.0,0.0,32.0,6.11,6.41,4.0,0.0,0.0,1.0,1.0,0.0,3.0,7.0,0.0,1.0,32.0,6.3,6.69,5.0,0.0,0.0,2.0,1.0,1.0,5.0,5.0,2.0,0.0
Di Lorenzo,Napoli,D,"['Fuoriclasse', 'Titolare', 'Buona Media', 'Goleador']",80%,18,18,0,72,36.0,6.07,6.21,1.0,0.0,0.0,0.0,0.0,0.0,5.0,6.0,0.0,0.0,37.0,6.26,6.58,3.0,0.0,0.0,0.0,0.0,0.0,4.0,2.0,0.0,0.0,33.0,6.2,6.36,1.0,0.0,0.0,0.0,0.0,0.0,4.0,3.0,0.0,0.0
Bastoni,Inter,D,"['Titolare', 'Buona Media', 'Giovane talento']",60%,16,16,0,50,28.0,6.32,6.45,1.0,0.0,0.0,0.0,0.0,0.0,3.0,5.0,0.0,0.0,29.0,6.12,6.14,0.0,0.0,0.0,0.0,0.0,0.0,2.0,3.0,0.0,0.0,31.0,6.21,6.31,1.0,0.0,0.0,0.0,0.0,0.0,2.0,4.0,0.0,0.0
Buongiorno,Napoli,D,"['Outsider', 'Titolare', 'Giovane talento']",60%,16,16,0,57,29.0,6.31,6.5,3.0,0.0,0.0,0.0,0.0,0.0,0.0,7.0,0.0,0.0,34.0,6.12,6.15,1.0,0.0,0.0,0.0,0.0,0.0,2.0,8.0,0.0,0.0,18.0,5.86,5.81,0.0,0.0,0.0,0.0,0.0,0.0,1.0,5.0,0.0,0.0
Bremer,Juventus,D,"['Titolare', 'Buona Media']",60%,16,16,0,57,36.0,6.24,6.36,3.0,0.0,0.0,0.0,0.0,0.0,0.0,9.0,0.0,0.0,30.0,6.05,6.35,4.0,0.0,0.0,0.0,0.0,0.0,0.0,6.0,0.0,0.0,33.0,6.39,6.59,3.0,0.0,0.0,0.0,0.0,0.0,1.0,7.0,0.0,0.0
Dumfries,Inter,D,"['Outsider', 'Titolare', 'Buona Media', 'Assistman']",60%,16,16,0,45,30.0,6.1,6.53,4.0,0.0,0.0,0.0,0.0,0.0,3.0,2.0,1.0,0.0,34.0,5.91,6.0,1.0,0.0,0.0,0.0,0.0,0.0,4.0,4.0,0.0,1.0,32.0,6.22,6.77,5.0,0.0,0.0,0.0,0.0,0.0,4.0,3.0,0.0,0.0
Pavard,Inter,D,"['Fuoriclasse', 'Titolare', 'Goleador', 'Falloso']",60%,14,14,0,40,21.0,6.29,6.24,0.0,0.0,0.0,0.0,0.0,0.0,2.0,6.0,0.0,0.0,,,,,,,,,,,,,,,,,,,,,,,,,,
Spinazzola,Napoli,D,"['Outsider', 'Titolare', 'Buona Media', 'Assistman']",20%,13,13,0,41,23.0,6.09,6.3,1.0,0.0,0.0,0.0,0.0,0.0,2.0,0.0,0.0,0.0,26.0,6.04,6.25,1.0,0.0,0.0,0.0,0.0,0.0,4.0,3.0,0.0,0.0,2.0,6.25,6.0,0.0,0.0,0.0,0.0,0.0,0.0,0.0,1.0,0.0,0.0
Gosens,Fiorentina,D,"['Outsider', 'Titolare', 'Goleador', 'Assistman']",60%,13,13,0,41,0.0,0.0,0.0,0.0,0.0,0.0,0.0,0.0,0.0,0.0,0.0,0.0,0.0,25.0,5.96,6.3,3.0,0.0,0.0,0.0,0.0,0.0,0.0,2.0,0.0,0.0,11.0,6.14,6.36,1.0,0.0,0.0,0.0,0.0,0.0,1.0,3.0,0.0,0.0
Danilo,Juventus,D,"['Titolare', 'Buona Media']",60%,13,14,-1,29,28.0,6.09,6.11,1.0,0.0,0.0,0.0,0.0,0.0,1.0,7.0,0.0,0.0,37.0,6.2,6.46,3.0,0.0,0.0,0.0,0.0,0.0,3.0,5.0,0.0,0.0,21.0,6.14,6.24,1.0,0.0,0.0,0.0,0.0,0.0,2.0,6.0,0.0,0.0
Tomori,Milan,D,"['Outsider', 'Titolare', 'Buona Media']",60%,13,14,-1,41,25.0,6.0,6.32,4.0,0.0,0.0,0.0,0.0,0.0,0.0,6.0,1.0,0.0,33.0,6.08,6.09,1.0,0.0,0.0,0.0,0.0,0.0,0.0,5.0,0.0,0.0,31.0,6.29,6.23,0.0,0.0,0.0,0.0,0.0,0.0,0.0,4.0,0.0,0.0
Bellanova,Atalanta,D,"['Outsider', 'Titolare']",80%,13,13,0,45,36.0,6.14,6.35,1.0,0.0,0.0,0.0,0.0,0.0,7.0,5.0,0.0,0.0,11.0,6.0,6.0,0.0,0.0,0.0,0.0,0.0,0.0,0.0,0.0,0.0,0.0,31.0,5.82,5.9,1.0,0.0,0.0,0.0,0.0,0.0,1.0,3.0,0.0,0.0
Ruggeri,Atalanta,D,"['Outsider', 'Panchinaro', 'Assistman', 'Giovane talento']",60%,12,11,1,42,33.0,5.97,6.08,0.0,0.0,0.0,0.0,0.0,0.0,5.0,3.0,0.0,0.0,10.0,5.85,5.8,0.0,0.0,0.0,0.0,0.0,0.0,1.0,3.0,0.0,0.0,13.0,5.85,5.81,0.0,0.0,0.0,0.0,0.0,0.0,0.0,1.0,0.0,0.0
Mancini,Roma,D,"['Titolare', 'Buona Media', 'Falloso']",80%,11,10,1,26,35.0,5.99,6.2,4.0,0.0,0.0,0.0,0.0,0.0,0.0,9.0,0.0,0.0,35.0,6.11,6.16,1.0,0.0,0.0,0.0,0.0,0.0,2.0,7.0,0.0,0.0,33.0,5.88,5.64,0.0,0.0,0.0,0.0,0.0,0.0,0.0,14.0,1.0,0.0
Rrahmani,Napoli,D,['Panchinaro'],60%,11,11,0,26,30.0,5.93,6.15,3.0,0.0,0.0,0.0,0.0,0.0,0.0,5.0,0.0,0.0,28.0,6.14,6.36,2.0,0.0,0.0,0.0,0.0,0.0,1.0,2.0,0.0,0.0,33.0,6.27,6.56,4.0,0.0,0.0,0.0,0.0,0.0,0.0,5.0,0.0,0.0
Emerson Royal,Milan,D,,,11,12,-1,39,,,,,,,,,,,,,,,,,,,,,,,,,,,,,,,,,,,,,,,
Romagnoli,Lazio,D,"['Titolare', 'Buona Media']",60%,10,10,0,26,28.0,5.96,5.8,0.0,0.0,0.0,0.0,0.0,0.0,0.0,9.0,0.0,0.0,34.0,6.21,6.29,2.0,0.0,0.0,0.0,0.0,0.0,0.0,6.0,0.0,0.0,17.0,6.0,6.0,1.0,0.0,0.0,0.0,0.0,0.0,0.0,4.0,1.0,0.0
Acerbi,Inter,D,"['Titolare', 'Buona Media', 'Goleador']",60%,10,10,0,28,29.0,6.17,6.5,3.0,0.0,0.0,0.0,0.0,0.0,1.0,1.0,0.0,0.0,31.0,6.0,5.97,0.0,0.0,0.0,0.0,0.0,0.0,1.0,4.0,0.0,0.0,29.0,5.95,6.31,4.0,0.0,0.0,0.0,0.0,0.0,0.0,1.0,1.0,0.0
Zappacosta,Atalanta,D,"['Panchinaro', 'Buona Media', 'Assistman']",60%,10,9,1,30,31.0,5.92,6.06,2.0,0.0,0.0,0.0,0.0,0.0,1.0,5.0,0.0,0.0,21.0,6.12,6.64,4.0,0.0,0.0,0.0,0.0,0.0,1.0,4.0,0.0,0.0,31.0,6.08,6.24,1.0,0.0,0.0,0.0,0.0,0.0,5.0,6.0,0.0,0.0
Pavlovic,Milan,D,"['Outsider', 'Titolare', 'Buona Media', 'Goleador', 'Falloso']",40%,10,10,0,29,,,,,,,,,,,,,,,,,,,,,,,,,,,,,,,,,,,,,,,
Martinez Quarta,Fiorentina,D,,,10,11,-1,32,28.0,6.04,6.41,5.0,0.0,0.0,0.0,0.0,0.0,0.0,9.0,0.0,0.0,27.0,5.94,5.98,1.0,0.0,0.0,0.0,0.0,0.0,1.0,6.0,0.0,0.0,18.0,5.81,5.75,1.0,0.0,0.0,0.0,0.0,0.0,0.0,8.0,0.0,0.0
Cambiaso,Juventus,D,"['Titolare', 'Buona Media', 'Giovane talento']",60%,10,9,1,35,34.0,6.0,6.12,2.0,0.0,0.0,0.0,0.0,0.0,3.0,10.0,0.0,0.0,31.0,5.97,6.03,0.0,0.0,0.0,0.0,0.0,0.0,3.0,2.0,0.0,0.0,25.0,5.94,6.12,1.0,0.0,0.0,0.0,0.0,0.0,4.0,3.0,1.0,0.0
Kossounou,Atalanta,D,"['Panchinaro', 'Giovane talento']",60%,10,10,0,26,,,,,,,,,,,,,,,,,,,,,,,,,,,,,,,,,,,,,,,
Luperto,Cagliari,D,"['Titolare', 'Buona Media']",60%,9,8,1,14,38.0,6.0,6.05,1.0,0.0,0.0,0.0,0.0,0.0,1.0,4.0,0.0,0.0,36.0,5.93,6.01,2.0,0.0,0.0,0.0,0.0,0.0,0.0,2.0,2.0,0.0,22.0,5.75,5.61,0.0,0.0,0.0,0.0,0.0,0.0,1.0,6.0,1.0,0.0
Darmian,Inter,D,"['Panchinaro', 'Buona Media', 'Assistman']",60%,9,8,1,21,32.0,6.14,6.33,2.0,0.0,0.0,0.0,0.0,0.0,1.0,2.0,0.0,0.0,27.0,6.06,6.19,1.0,0.0,0.0,0.0,0.0,0.0,2.0,3.0,0.0,0.0,23.0,6.13,6.35,2.0,0.0,0.0,0.0,0.0,0.0,1.0,4.0,0.0,0.0
Sergi Roberto,Como,D,,,9,9,0,18,,,,,,,,,,,,,,,,,,,,,,,,,,,,,,,,,,,,,,,
Angelino,Roma,D,"['Titolare', 'Assistman']",60%,9,10,-1,27,16.0,5.94,5.88,0.0,0.0,0.0,0.0,0.0,0.0,2.0,2.0,0.0,1.0,,,,,,,,,,,,,,,,,,,,,,,,,,
Vasquez,Genoa,D,['Titolare'],60%,9,9,0,16,35.0,6.16,6.19,1.0,0.0,0.0,0.0,0.0,0.0,1.0,6.0,0.0,0.0,23.0,5.78,5.76,1.0,0.0,0.0,0.0,0.0,0.0,0.0,7.0,0.0,0.0,28.0,5.89,5.88,1.0,0.0,0.0,0.0,0.0,0.0,0.0,7.0,0.0,0.0
Bijol,Udinese,D,"['Titolare', 'Buona Media', 'Goleador']",60%,9,8,1,20,24.0,6.08,6.0,0.0,0.0,0.0,0.0,0.0,0.0,0.0,4.0,0.0,0.0,32.0,5.88,6.03,3.0,0.0,0.0,0.0,0.0,0.0,1.0,10.0,0.0,0.0,,,,,,,,,,,,,
Carlos Augusto,Inter,D,,,9,9,0,20,35.0,6.14,6.21,0.0,0.0,0.0,0.0,0.0,0.0,3.0,1.0,0.0,0.0,35.0,6.16,6.76,6.0,0.0,0.0,0.0,0.0,0.0,5.0,4.0,0.0,0.0,,,,,,,,,,,,,
Dodo',Fiorentina,D,"['Outsider', 'Titolare']",60%,9,9,0,25,6.0,5.75,5.75,0.0,0.0,0.0,0.0,0.0,0.0,0.0,0.0,0.0,0.0,33.0,5.88,5.98,1.0,0.0,0.0,0.0,0.0,0.0,3.0,3.0,1.0,0.0,,,,,,,,,,,,,
Biraghi,Fiorentina,D,"['Titolare', 'Assistman']",60%,8,7,1,30,28.0,5.96,6.11,2.0,0.0,0.0,1.0,0.0,1.0,5.0,8.0,0.0,0.0,32.0,6.05,6.19,2.0,0.0,0.0,1.0,0.0,1.0,4.0,1.0,0.0,1.0,37.0,5.96,6.11,4.0,0.0,0.0,2.0,1.0,1.0,1.0,3.0,1.0,1.0
Djimsiti,Atalanta,D,"['Panchinaro', 'Buona Media']",60%,8,8,0,18,36.0,5.94,5.92,0.0,0.0,0.0,0.0,0.0,0.0,1.0,4.0,0.0,0.0,22.0,5.91,5.89,0.0,0.0,0.0,0.0,0.0,0.0,1.0,3.0,0.0,0.0,29.0,5.86,5.84,1.0,0.0,0.0,0.0,0.0,0.0,1.0,6.0,0.0,1.0
Varane,Como,D,"['Fuoriclasse', 'Titolare', 'Buona Media']",40%,8,9,-1,15,,,,,,,,,,,,,,,,,,,,,,,,,,,,,,,,,,,,,,,
Kolasinac,Atalanta,D,['Titolare'],40%,8,9,-1,21,29.0,6.03,6.07,1.0,0.0,0.0,0.0,0.0,0.0,0.0,4.0,0.0,0.0,,,,,,,,,,,,,,,,,,,,,,,,,,
Mina,Cagliari,D,"['Titolare', 'Falloso']",40%,8,8,0,13,15.0,6.03,6.27,2.0,0.0,0.0,1.0,1.0,0.0,0.0,5.0,0.0,0.0,,,,,,,,,,,,,,,,,,,,,,,,,,
N'Dicka,Roma,D,,,8,8,0,20,25.0,5.86,5.86,0.0,0.0,0.0,0.0,0.0,0.0,3.0,6.0,0.0,0.0,,,,,,,,,,,,,,,,,,,,,,,,,,
Miranda J.,Bologna,D,,,8,8,0,16,,,,,,,,,,,,,,,,,,,,,,,,,,,,,,,,,,,,,,,
Parisi,Fiorentina,D,"['Titolare', 'Buona Media', 'Assistman', 'Giovane talento']",60%,8,8,0,20,21.0,5.69,5.64,0.0,0.0,0.0,0.0,0.0,0.0,1.0,4.0,0.0,0.0,33.0,6.14,6.14,2.0,0.0,0.0,0.0,0.0,0.0,0.0,10.0,1.0,0.0,23.0,5.91,5.85,0.0,0.0,0.0,0.0,0.0,0.0,1.0,5.0,0.0,0.0
Casale,Bologna,D,['Titolare'],80%,8,8,0,15,19.0,5.68,5.55,0.0,0.0,0.0,0.0,0.0,0.0,0.0,5.0,0.0,0.0,29.0,6.0,6.03,1.0,0.0,0.0,0.0,0.0,0.0,1.0,6.0,0.0,0.0,34.0,5.85,5.75,0.0,0.0,0.0,0.0,0.0,0.0,1.0,10.0,0.0,0.0
Pongracic,Fiorentina,D,['Titolare'],40%,8,9,-1,20,36.0,5.94,5.81,0.0,0.0,0.0,0.0,0.0,0.0,0.0,8.0,1.0,0.0,9.0,6.0,5.89,0.0,0.0,0.0,0.0,0.0,0.0,0.0,2.0,0.0,0.0,,,,,,,,,,,,,
Holm,Bologna,D,"['Outsider', 'Titolare', 'Falloso', 'Giovane talento']",60%,8,9,-1,24,18.0,5.94,6.08,1.0,0.0,0.0,0.0,0.0,0.0,1.0,5.0,0.0,0.0,18.0,6.06,6.17,1.0,0.0,0.0,0.0,0.0,0.0,1.0,4.0,0.0,0.0,0.0,0.0,0.0,0.0,0.0,0.0,0.0,0.0,0.0,0.0,0.0,0.0,0.0
Gatti,Juventus,D,['Titolare'],20%,8,7,1,16,32.0,5.97,6.11,4.0,0.0,0.0,0.0,0.0,0.0,0.0,7.0,0.0,2.0,16.0,5.94,5.81,0.0,0.0,0.0,0.0,0.0,0.0,0.0,4.0,0.0,0.0,,,,,,,,,,,,,
Baschirotto,Lecce,D,"['Outsider', 'Titolare']",60%,8,9,-1,20,37.0,5.76,5.72,0.0,0.0,0.0,0.0,0.0,0.0,1.0,3.0,1.0,0.0,37.0,6.07,6.23,3.0,0.0,0.0,0.0,0.0,0.0,0.0,6.0,0.0,0.0,,,,,,,,,,,,,
Gigot,Lazio,D,"['Titolare', 'Goleador']",40%,8,8,0,19,,,,,,,,,,,,,,,,,,,,,,,,,,,,,,,,,,,,,,,
Hien,Atalanta,D,"['Outsider', 'Titolare', 'Buona Media', 'Falloso']",60%,8,8,0,21,22.0,5.95,5.82,0.0,0.0,0.0,0.0,0.0,0.0,0.0,4.0,1.0,0.0,32.0,5.94,5.8,0.0,0.0,0.0,0.0,0.0,0.0,0.0,9.0,0.0,0.0,,,,,,,,,,,,,
Posch,Bologna,D,['Titolare'],60%,8,8,0,18,30.0,6.1,6.15,1.0,0.0,0.0,0.0,0.0,0.0,2.0,7.0,0.0,0.0,30.0,6.12,6.68,6.0,0.0,0.0,0.0,0.0,0.0,2.0,6.0,0.0,0.0,,,,,,,,,,,,,
Dossena,Como,D,"['Outsider', 'Titolare', 'Goleador', 'Falloso']",60%,8,8,0,14,35.0,5.84,5.94,2.0,0.0,0.0,0.0,0.0,0.0,4.0,5.0,0.0,2.0,,,,,,,,,,,,,,,,,,,,,,,,,,
Dorgu,Lecce,D,"['Outsider', 'Titolare', 'Goleador', 'Giovane talento']",60%,8,8,0,20,29.0,5.9,6.0,2.0,0.0,0.0,0.0,0.0,0.0,0.0,6.0,0.0,0.0,,,,,,,,,,,,,,,,,,,,,,,,,,
Coco,Torino,D,"['Outsider', 'Titolare', 'Buona Media', 'Falloso']",60%,8,8,0,22,,,,,,,,,,,,,,,,,,,,,,,,,,,,,,,,,,,,,,,
De Vrij,Inter,D,"['Fuoriclasse', 'Panchinaro', 'Buona Media', 'Goleador']",60%,7,8,-1,18,22.0,6.27,6.41,1.0,0.0,0.0,0.0,0.0,0.0,0.0,0.0,0.0,0.0,25.0,5.94,5.98,1.0,0.0,0.0,0.0,0.0,0.0,0.0,4.0,0.0,0.0,28.0,5.8,5.68,0.0,0.0,0.0,0.0,0.0,0.0,0.0,3.0,0.0,1.0
Sabelli,Genoa,D,"['Panchinaro', 'Buona Media', 'Assistman', 'Falloso']",60%,7,6,1,8,31.0,5.92,5.87,0.0,0.0,0.0,0.0,0.0,0.0,1.0,5.0,0.0,0.0,,,,,,,,,,,,,,7.0,5.71,5.5,0.0,0.0,0.0,0.0,0.0,0.0,0.0,3.0,0.0,0.0
Bani,Genoa,D,"['Titolare', 'Falloso']",60%,7,7,0,14,27.0,6.02,6.07,2.0,0.0,0.0,0.0,0.0,0.0,0.0,9.0,0.0,0.0,,,,,,,,,,,,,,17.0,6.0,5.97,0.0,0.0,0.0,0.0,0.0,0.0,0.0,1.0,0.0,0.0
Smalling,Roma,D,"['Panchinaro', 'Buona Media']",40%,7,8,-1,12,6.0,5.83,5.83,0.0,0.0,0.0,0.0,0.0,0.0,0.0,0.0,0.0,0.0,32.0,6.31,6.52,3.0,0.0,0.0,0.0,0.0,0.0,1.0,7.0,0.0,0.0,25.0,6.18,6.46,3.0,0.0,0.0,0.0,0.0,0.0,0.0,0.0,0.0,1.0
Ranieri L.,Fiorentina,D,,,7,7,0,15,25.0,5.86,5.88,2.0,0.0,0.0,0.0,0.0,0.0,1.0,14.0,0.0,0.0,8.0,6.25,6.19,0.0,0.0,0.0,0.0,0.0,0.0,0.0,1.0,0.0,0.0,27.0,5.7,5.65,1.0,0.0,0.0,0.0,0.0,0.0,0.0,9.0,0.0,0.0
Kyriakopoulos,Monza,D,['Titolare'],60%,7,6,1,13,27.0,5.87,5.93,0.0,0.0,0.0,0.0,0.0,0.0,3.0,3.0,0.0,0.0,21.0,6.05,6.21,1.0,0.0,0.0,0.0,0.0,0.0,3.0,5.0,0.0,0.0,25.0,5.88,5.92,0.0,0.0,0.0,0.0,0.0,0.0,5.0,6.0,1.0,0.0
Maripan,Torino,D,"['Titolare', 'Buona Media']",20%,7,7,0,15,,,,,,,,,,,,,,,,,,,,,,,,,,,,,,,,,,,,,,,
Mari',Monza,D,"['Titolare', 'Buona Media']",60%,7,7,0,15,33.0,5.98,5.88,0.0,0.0,0.0,0.0,0.0,0.0,0.0,7.0,0.0,0.0,29.0,5.93,5.97,1.0,0.0,0.0,0.0,0.0,0.0,0.0,4.0,0.0,0.0,15.0,6.27,6.57,2.0,0.0,0.0,0.0,0.0,0.0,0.0,1.0,1.0,0.0
Erlic,Bologna,D,"['Titolare', 'Buona Media', 'Goleador']",60%,7,6,1,17,32.0,5.77,5.78,1.0,0.0,0.0,0.0,0.0,0.0,0.0,5.0,0.0,0.0,27.0,5.7,5.59,0.0,0.0,0.0,0.0,0.0,0.0,0.0,2.0,0.0,1.0,30.0,5.95,6.07,2.0,0.0,0.0,0.0,0.0,0.0,0.0,5.0,0.0,0.0
Vojvoda,Torino,D,"['Titolare', 'Buona Media']",60%,7,6,1,12,21.0,5.88,5.95,0.0,0.0,0.0,0.0,0.0,0.0,3.0,3.0,0.0,0.0,27.0,5.85,5.98,0.0,0.0,0.0,0.0,0.0,0.0,5.0,3.0,0.0,0.0,29.0,6.02,6.07,0.0,0.0,0.0,0.0,0.0,0.0,3.0,3.0,0.0,0.0
Ismajli,Empoli,D,"['Titolare', 'Buona Media']",60%,7,6,1,9,25.0,5.72,5.68,0.0,0.0,0.0,0.0,0.0,0.0,0.0,2.0,0.0,0.0,25.0,6.0,5.86,0.0,0.0,0.0,0.0,0.0,0.0,0.0,3.0,0.0,1.0,17.0,5.5,5.06,0.0,0.0,0.0,0.0,0.0,0.0,0.0,7.0,0.0,2.0
Godfrey,Atalanta,D,['Panchinaro'],60%,7,7,0,15,,,,,,,,,,,,,,,,,,,,,,,,,,,,,,,,,,,,,,,
Scalvini,Atalanta,D,"['Titolare', 'Giovane talento']",80%,7,8,-1,12,33.0,6.06,6.2,1.0,0.0,0.0,0.0,0.0,0.0,3.0,3.0,0.0,0.0,32.0,5.95,6.03,2.0,0.0,0.0,0.0,0.0,0.0,0.0,7.0,0.0,0.0,14.0,5.96,6.14,1.0,0.0,0.0,0.0,0.0,0.0,0.0,1.0,0.0,0.0
Zanoli,Genoa,D,"['Outsider', 'Titolare', 'Assistman']",80%,7,6,1,9,18.0,5.83,5.75,0.0,0.0,0.0,0.0,0.0,0.0,2.0,4.0,0.0,1.0,20.0,6.0,6.32,2.0,0.0,0.0,0.0,0.0,0.0,2.0,3.0,0.0,0.0,6.0,5.92,5.75,0.0,0.0,0.0,0.0,0.0,0.0,0.0,2.0,0.0,0.0
Olivera,Napoli,D,"['Titolare', 'Assistman']",60%,7,7,0,18,22.0,5.82,5.89,1.0,0.0,0.0,0.0,0.0,0.0,0.0,3.0,0.0,0.0,24.0,6.02,6.27,2.0,0.0,0.0,0.0,0.0,0.0,1.0,2.0,0.0,0.0,,,,,,,,,,,,,
Valeri,Parma,D,"['Titolare', 'Assistman']",60%,7,6,1,11,15.0,5.6,5.57,0.0,0.0,0.0,0.0,0.0,0.0,1.0,3.0,0.0,0.0,37.0,6.08,6.31,2.0,0.0,0.0,0.0,0.0,0.0,4.0,3.0,0.0,0.0,,,,,,,,,,,,,
Beukema,Bologna,D,"['Titolare', 'Goleador']",60%,7,7,0,16,30.0,6.02,6.02,1.0,0.0,0.0,0.0,0.0,0.0,0.0,4.0,1.0,0.0,,,,,,,,,,,,,,,,,,,,,,,,,,
Marin R.,Napoli,D,,,7,8,-1,18,,,,,,,,,,,,,,,,,,,,,,,,,,,,,,,,,,,,,,,
Sosa B.,Torino,D,,,7,8,-1,17,,,,,,,,,,,,,,,,,,,,,,,,,,,,,,,,,,,,,,,
Masina,Torino,D,"['Titolare', 'Falloso']",60%,6,6,0,12,15.0,5.87,5.8,0.0,0.0,0.0,0.0,0.0,0.0,0.0,2.0,0.0,0.0,11.0,5.91,6.36,2.0,0.0,0.0,0.0,0.0,0.0,0.0,2.0,0.0,0.0,,,,,,,,,,,,,
Izzo,Monza,D,"['Titolare', 'Buona Media', 'Falloso']",80%,6,6,0,11,20.0,5.82,5.62,0.0,0.0,0.0,0.0,0.0,0.0,0.0,9.0,0.0,0.0,29.0,6.03,5.97,1.0,0.0,0.0,0.0,0.0,0.0,0.0,10.0,0.0,0.0,9.0,5.83,5.61,0.0,0.0,0.0,0.0,0.0,0.0,0.0,4.0,0.0,0.0
Calabria,Milan,D,"['Titolare', 'Buona Media', 'Falloso']",60%,6,7,-1,13,29.0,5.95,6.03,1.0,0.0,0.0,0.0,0.0,0.0,3.0,3.0,2.0,0.0,23.0,5.96,6.09,1.0,0.0,0.0,0.0,0.0,0.0,3.0,6.0,0.0,0.0,26.0,6.15,6.42,2.0,0.0,0.0,0.0,0.0,0.0,2.0,2.0,0.0,0.0
Pezzella Giu.,Empoli,D,,,6,5,1,7,15.0,5.63,5.5,0.0,0.0,0.0,0.0,0.0,0.0,0.0,4.0,0.0,0.0,14.0,5.71,5.71,0.0,0.0,0.0,0.0,0.0,0.0,1.0,2.0,0.0,0.0,16.0,5.97,6.0,0.0,0.0,0.0,0.0,0.0,0.0,2.0,3.0,0.0,0.0
Marusic,Lazio,D,"['Titolare', 'Buona Media', 'Assistman']",60%,6,6,0,10,37.0,5.72,5.73,1.0,0.0,0.0,0.0,0.0,0.0,0.0,3.0,1.0,0.0,33.0,6.02,5.92,0.0,0.0,0.0,0.0,0.0,0.0,2.0,8.0,1.0,0.0,33.0,5.65,5.65,1.0,0.0,0.0,0.0,0.0,0.0,0.0,4.0,1.0,0.0
Lazzari,Lazio,D,"['Titolare', 'Buona Media', 'Assistman']",80%,6,5,1,12,24.0,5.94,5.9,0.0,0.0,0.0,0.0,0.0,0.0,2.0,4.0,1.0,0.0,26.0,6.0,5.77,0.0,0.0,0.0,0.0,0.0,0.0,0.0,8.0,0.0,1.0,27.0,5.91,6.3,3.0,0.0,0.0,0.0,0.0,0.0,3.0,3.0,0.0,0.0
Zortea,Cagliari,D,"['Outsider', 'Titolare', 'Goleador']",60%,6,7,-1,16,19.0,6.16,6.63,2.0,0.0,0.0,0.0,0.0,0.0,5.0,4.0,0.0,0.0,15.0,6.0,6.1,1.0,0.0,0.0,0.0,0.0,0.0,1.0,5.0,0.0,0.0,23.0,5.78,5.96,1.0,0.0,0.0,0.0,0.0,0.0,2.0,3.0,0.0,0.0
Zappa,Cagliari,D,"['Outsider', 'Titolare', 'Buona Media', 'Assistman', 'Falloso']",60%,6,6,0,10,37.0,5.8,5.91,1.0,0.0,0.0,0.0,0.0,0.0,2.0,2.0,0.0,0.0,,,,,,,,,,,,,,21.0,5.74,5.64,0.0,0.0,0.0,0.0,0.0,0.0,0.0,2.0,1.0,0.0
Moreno Alb.,Como,D,,,6,7,-1,17,,,,,,,,,,,,,,,,,,,,,,,,,,,,,,,,,,,,,,,
Tavares N.,Lazio,D,,,6,6,0,10,,,,,,,,,,,,,,,,,,,,,,,,,,,,,,,,,,,,,,,
Viti,Empoli,D,"['Outsider', 'Titolare']",60%,6,5,1,6,14.0,5.89,5.96,1.0,0.0,0.0,0.0,0.0,0.0,0.0,0.0,0.0,1.0,0.0,0.0,0.0,0.0,0.0,0.0,0.0,0.0,0.0,0.0,0.0,0.0,0.0,19.0,5.82,5.63,0.0,0.0,0.0,0.0,0.0,0.0,0.0,1.0,1.0,1.0
De Winter,Genoa,D,"['Outsider', 'Titolare']",40%,6,6,0,8,29.0,5.84,5.74,0.0,0.0,0.0,0.0,0.0,0.0,1.0,6.0,1.0,0.0,13.0,5.73,5.62,0.0,0.0,0.0,0.0,0.0,0.0,0.0,3.0,0.0,0.0,0.0,0.0,0.0,0.0,0.0,0.0,0.0,0.0,0.0,0.0,0.0,0.0,0.0
Cabal,Juventus,D,"['Outsider', 'Panchinaro', 'Giovane talento']",60%,6,5,1,15,19.0,5.82,5.66,0.0,0.0,0.0,0.0,0.0,0.0,0.0,6.0,0.0,0.0,9.0,5.89,5.72,0.0,0.0,0.0,0.0,0.0,0.0,0.0,3.0,0.0,0.0,,,,,,,,,,,,,
Schuurs,Torino,D,"['Titolare', 'Buona Media']",40%,6,7,-1,10,9.0,6.11,6.33,1.0,0.0,0.0,0.0,0.0,0.0,0.0,2.0,0.0,0.0,29.0,6.21,6.19,0.0,0.0,0.0,0.0,0.0,0.0,2.0,5.0,0.0,0.0,,,,,,,,,,,,,
Lucumi',Bologna,D,['Titolare'],60%,6,7,-1,14,29.0,6.1,6.07,0.0,0.0,0.0,0.0,0.0,0.0,0.0,2.0,0.0,0.0,33.0,5.83,5.68,0.0,0.0,0.0,0.0,0.0,0.0,1.0,8.0,0.0,1.0,,,,,,,,,,,,,
Ehizibue,Udinese,D,"['Outsider', 'Titolare', 'Assistman']",60%,6,5,1,8,20.0,5.88,5.82,0.0,0.0,0.0,0.0,0.0,0.0,1.0,4.0,0.0,0.0,21.0,5.79,5.93,2.0,0.0,0.0,0.0,0.0,0.0,0.0,7.0,0.0,0.0,,,,,,,,,,,,,
Pedersen,Torino,D,"['Outsider', 'Titolare', 'Buona Media', 'Assistman', 'Giovane talento']",60%,6,6,0,12,23.0,5.72,5.72,0.0,0.0,0.0,0.0,0.0,0.0,2.0,4.0,0.0,0.0,,,,,,,,,,,,,,,,,,,,,,,,,,
Tchatchoua,Verona,D,"['Titolare', 'Giovane talento']",40%,6,6,0,14,25.0,5.76,5.76,0.0,0.0,0.0,0.0,0.0,0.0,1.0,2.0,0.0,0.0,,,,,,,,,,,,,,,,,,,,,,,,,,
Giannetti L.,Udinese,D,,,6,4,2,6,7.0,5.79,5.64,1.0,0.0,0.0,0.0,0.0,0.0,0.0,4.0,0.0,1.0,,,,,,,,,,,,,,,,,,,,,,,,,,
Circati,Parma,D,"['Outsider', 'Titolare', 'Falloso', 'Giovane talento']",60%,6,5,1,8,,,,,,,,,,,,,,,,,,,,,,,,,,,,,,,,,,,,,,,
Delprato,Parma,D,,,6,6,0,14,,,,,,,,,,,,,,,,,,,,,,,,,,,,,,,,,,,,,,,
Patric,Lazio,D,['Titolare'],60%,5,5,0,10,19.0,6.08,6.29,2.0,0.0,0.0,0.0,0.0,0.0,0.0,4.0,0.0,0.0,17.0,6.12,6.09,0.0,0.0,0.0,0.0,0.0,0.0,0.0,1.0,0.0,0.0,21.0,5.76,5.71,1.0,0.0,0.0,0.0,0.0,0.0,1.0,4.0,1.0,1.0
Zampano,Venezia,D,"['Titolare', 'Assistman']",60%,5,5,0,8,,,,,,,,,,,,,,,,,,,,,,,,,,,,,,,,,,,,,,,
Palomino,Cagliari,D,"['Panchinaro', 'Buona Media']",60%,5,5,0,8,0.0,0.0,0.0,0.0,0.0,0.0,0.0,0.0,0.0,0.0,0.0,0.0,0.0,14.0,5.82,5.75,1.0,0.0,0.0,0.0,0.0,0.0,0.0,4.0,0.0,1.0,33.0,6.14,6.09,1.0,0.0,0.0,0.0,0.0,0.0,0.0,9.0,0.0,0.0
Martin,Genoa,D,"['Titolare', 'Goleador', 'Assistman']",60%,5,4,1,13,20.0,5.92,5.92,0.0,0.0,0.0,0.0,0.0,0.0,2.0,2.0,1.0,0.0,,,,,,,,,,,,,,,,,,,,,,,,,,
Lykogiannis,Bologna,D,"['Titolare', 'Assistman', 'Piazzati']",60%,5,4,1,12,18.0,5.97,6.36,2.0,0.0,0.0,0.0,0.0,0.0,2.0,2.0,0.0,0.0,19.0,5.97,6.21,2.0,0.0,0.0,0.0,0.0,0.0,0.0,3.0,0.0,0.0,25.0,5.7,5.78,1.0,0.0,0.0,0.0,0.0,0.0,0.0,2.0,0.0,0.0
Lazaro,Torino,D,['Titolare'],60%,5,4,1,8,30.0,6.02,6.07,0.0,0.0,0.0,0.0,0.0,0.0,3.0,3.0,0.0,0.0,20.0,6.0,6.05,0.0,0.0,0.0,0.0,0.0,0.0,3.0,4.0,0.0,0.0,0.0,0.0,0.0,0.0,0.0,0.0,0.0,0.0,0.0,0.0,0.0,0.0,0.0
Augello,Cagliari,D,['Titolare'],60%,5,5,0,8,32.0,5.77,5.81,1.0,0.0,0.0,0.0,0.0,0.0,1.0,5.0,0.0,0.0,37.0,5.84,6.09,2.0,0.0,0.0,0.0,0.0,0.0,5.0,3.0,0.0,0.0,34.0,5.81,5.93,1.0,0.0,0.0,0.0,0.0,0.0,1.0,0.0,0.0,0.0
Candela,Venezia,D,"['Titolare', 'Assistman', 'Falloso']",60%,5,5,0,8,,,,,,,,,,,,,,,,,,,,,,,,,,,,,,,,,,,,,,,
Dawidowicz,Verona,D,['Titolare'],60%,5,5,0,7,26.0,5.77,5.6,0.0,0.0,0.0,0.0,0.0,0.0,0.0,5.0,0.0,1.0,22.0,5.8,5.8,1.0,0.0,0.0,0.0,0.0,0.0,1.0,6.0,1.0,0.0,15.0,5.77,5.67,0.0,0.0,0.0,0.0,0.0,0.0,0.0,3.0,0.0,0.0
Gallo,Lecce,D,['Titolare'],40%,5,5,0,11,34.0,5.94,6.0,0.0,0.0,0.0,0.0,0.0,0.0,3.0,2.0,0.0,0.0,31.0,5.82,5.65,0.0,0.0,0.0,0.0,0.0,0.0,1.0,3.0,1.0,2.0,,,,,,,,,,,,,
Caldirola,Monza,D,"['Titolare', 'Falloso']",60%,5,5,0,8,29.0,5.79,5.78,1.0,0.0,0.0,0.0,0.0,0.0,0.0,5.0,1.0,0.0,30.0,5.93,6.03,2.0,0.0,0.0,0.0,0.0,0.0,0.0,6.0,0.0,0.0,,,,,,,,,,,,,
Bradaric,Verona,D,['Panchinaro'],60%,5,5,0,8,34.0,5.72,5.74,0.0,0.0,0.0,0.0,0.0,0.0,3.0,5.0,0.0,0.0,30.0,5.75,5.77,0.0,0.0,0.0,0.0,0.0,0.0,3.0,5.0,0.0,0.0,,,,,,,,,,,,,
Daniliuc,Verona,D,['Titolare'],60%,5,5,0,8,11.0,5.45,5.36,0.0,0.0,0.0,0.0,0.0,0.0,0.0,2.0,0.0,0.0,27.0,5.69,5.5,0.0,0.0,0.0,0.0,0.0,0.0,0.0,10.0,0.0,0.0,,,,,,,,,,,,,
Kamara H.,Udinese,D,,,5,5,0,13,31.0,6.06,6.1,1.0,0.0,0.0,0.0,0.0,0.0,0.0,4.0,0.0,0.0,,,,,,,,,,,,,,,,,,,,,,,,,,
Guilbert,Lecce,D,['Panchinaro'],60%,5,5,0,8,,,,,,,,,,,,,,,,,,,,,,,,,,,,,,,,,,,,,,,
Birindelli,Monza,D,"['Titolare', 'Falloso', 'Giovane talento']",60%,5,5,0,8,32.0,6.0,5.89,0.0,0.0,0.0,0.0,0.0,0.0,0.0,7.0,0.0,0.0,30.0,5.83,5.77,0.0,0.0,0.0,0.0,0.0,0.0,2.0,8.0,0.0,0.0,,,,,,,,,,,,,
Azzi,Cagliari,D,"['Panchinaro', 'Falloso']",60%,5,4,1,7,22.0,5.84,5.82,0.0,0.0,0.0,0.0,0.0,0.0,0.0,1.0,0.0,0.0,,,,,,,,,,,,,,,,,,,,,,,,,,
Kayode,Fiorentina,D,"['Outsider', 'Panchinaro', 'Giovane talento']",60%,5,5,0,8,26.0,6.06,6.17,1.0,0.0,0.0,0.0,0.0,0.0,1.0,2.0,0.0,0.0,,,,,,,,,,,,,,,,,,,,,,,,,,
Vogliacco,Genoa,D,"['Panchinaro', 'Falloso']",60%,5,2,3,4,15.0,6.03,5.97,0.0,0.0,0.0,0.0,0.0,0.0,1.0,4.0,0.0,0.0,,,,,,,,,,,,,,,,,,,,,,,,,,
Frese,Verona,D,"['Outsider', 'Titolare', 'Buona Media', 'Assistman']",60%,5,5,0,7,,,,,,,,,,,,,,,,,,,,,,,,,,,,,,,,,,,,,,,
Abdulhamid,Roma,D,['Panchinaro'],60%,5,5,0,12,,,,,,,,,,,,,,,,,,,,,,,,,,,,,,,,,,,,,,,
Van Der Brempt,Como,D,,,5,5,0,8,,,,,,,,,,,,,,,,,,,,,,,,,,,,,,,,,,,,,,,
Hysaj,Lazio,D,['Panchinaro'],60%,4,4,0,6,20.0,5.7,5.65,0.0,0.0,0.0,0.0,0.0,0.0,0.0,2.0,0.0,0.0,30.0,5.97,6.05,1.0,0.0,0.0,0.0,0.0,0.0,1.0,3.0,0.0,0.0,27.0,5.63,5.69,1.0,0.0,0.0,0.0,0.0,0.0,0.0,3.0,0.0,0.0
Juan Jesus,Napoli,D,,,4,5,-1,6,24.0,5.69,5.67,1.0,0.0,0.0,0.0,0.0,0.0,0.0,7.0,0.0,0.0,12.0,6.08,6.25,1.0,0.0,0.0,0.0,0.0,0.0,0.0,2.0,0.0,0.0,15.0,6.03,6.07,1.0,0.0,0.0,0.0,0.0,0.0,0.0,1.0,0.0,1.0
Toloi,Atalanta,D,"['Titolare', 'Buona Media']",40%,4,4,0,9,14.0,5.89,5.68,0.0,0.0,0.0,0.0,0.0,0.0,0.0,4.0,1.0,0.0,32.0,5.98,6.05,2.0,0.0,0.0,0.0,0.0,0.0,0.0,8.0,0.0,0.0,19.0,6.0,6.05,1.0,0.0,0.0,0.0,0.0,0.0,1.0,6.0,0.0,0.0
Cuadrado,Atalanta,D,['Panchinaro'],20%,4,4,0,9,10.0,6.05,6.2,0.0,0.0,0.0,0.0,0.0,0.0,2.0,1.0,0.0,0.0,30.0,5.85,5.92,1.0,0.0,0.0,0.0,0.0,0.0,3.0,6.0,1.0,0.0,32.0,6.3,6.62,4.0,0.0,0.0,0.0,0.0,0.0,3.0,9.0,0.0,0.0
Pereira P.,Monza,D,,,4,5,-1,8,19.0,5.76,5.74,0.0,0.0,0.0,0.0,0.0,0.0,1.0,3.0,0.0,0.0,0.0,0.0,0.0,0.0,0.0,0.0,0.0,0.0,0.0,0.0,0.0,0.0,0.0,,,,,,,,,,,,,
Magnani,Verona,D,['Titolare'],40%,4,3,1,5,30.0,6.0,5.9,0.0,0.0,0.0,0.0,0.0,0.0,0.0,6.0,0.0,0.0,24.0,5.81,5.58,0.0,0.0,0.0,0.0,0.0,0.0,1.0,7.0,1.0,1.0,14.0,5.79,5.61,0.0,0.0,0.0,0.0,0.0,0.0,0.0,3.0,1.0,0.0
Walukiewicz,Torino,D,"['Panchinaro', 'Falloso']",40%,4,4,0,6,27.0,5.76,5.65,0.0,0.0,0.0,0.0,0.0,0.0,0.0,6.0,0.0,0.0,9.0,5.89,5.89,0.0,0.0,0.0,0.0,0.0,0.0,0.0,0.0,0.0,0.0,6.0,5.67,5.58,0.0,0.0,0.0,0.0,0.0,0.0,0.0,1.0,0.0,0.0
Gabbia,Milan,D,['Panchinaro'],60%,4,4,0,9,17.0,6.06,6.26,2.0,0.0,0.0,0.0,0.0,0.0,0.0,5.0,0.0,0.0,9.0,5.5,5.39,0.0,0.0,0.0,0.0,0.0,0.0,0.0,2.0,0.0,0.0,7.0,5.57,5.36,0.0,0.0,0.0,0.0,0.0,0.0,0.0,3.0,0.0,0.0
Celik,Roma,D,"['Panchinaro', 'Buona Media', 'Assistman', 'Falloso']",60%,4,3,1,12,12.0,5.92,5.88,0.0,0.0,0.0,0.0,0.0,0.0,0.0,1.0,0.0,0.0,21.0,5.81,5.69,0.0,0.0,0.0,0.0,0.0,0.0,1.0,5.0,1.0,0.0,,,,,,,,,,,,,
Carboni A.,Monza,D,,,4,5,-1,8,21.0,5.88,6.0,1.0,0.0,0.0,0.0,0.0,0.0,0.0,1.0,0.0,0.0,3.0,5.33,5.33,0.0,0.0,0.0,0.0,0.0,0.0,0.0,0.0,0.0,0.0,28.0,5.64,5.46,0.0,0.0,0.0,0.0,0.0,0.0,0.0,6.0,0.0,1.0
Kalulu,Juventus,D,['Panchinaro'],60%,4,4,0,12,7.0,5.86,5.86,0.0,0.0,0.0,0.0,0.0,0.0,0.0,0.0,0.0,0.0,32.0,5.75,5.78,1.0,0.0,0.0,0.0,0.0,0.0,0.0,4.0,0.0,0.0,24.0,6.33,6.46,1.0,0.0,0.0,0.0,0.0,0.0,2.0,4.0,0.0,0.0
Osorio,Parma,D,['Panchinaro'],60%,4,4,0,6,,,,,,,,,,,,,,,,,,,,,,,,,,,,,,,,,,,,,,,
Ebuehi,Empoli,D,"['Panchinaro', 'Buona Media']",60%,4,4,0,6,15.0,5.8,5.87,0.0,0.0,0.0,0.0,0.0,0.0,1.0,0.0,0.0,0.0,25.0,6.06,6.46,2.0,0.0,0.0,0.0,0.0,0.0,4.0,0.0,0.0,0.0,17.0,5.59,5.5,0.0,0.0,0.0,0.0,0.0,0.0,0.0,1.0,1.0,0.0
Mazzocchi,Napoli,D,"['Titolare', 'Assistman', 'Falloso']",60%,4,4,0,12,25.0,5.68,5.64,0.0,0.0,0.0,0.0,0.0,0.0,2.0,4.0,1.0,0.0,27.0,6.17,6.46,2.0,0.0,0.0,0.0,0.0,0.0,3.0,2.0,0.0,0.0,32.0,5.84,5.83,0.0,0.0,0.0,0.0,0.0,0.0,2.0,5.0,0.0,0.0
Svoboda,Venezia,D,"['Outsider', 'Panchinaro', 'Giovane talento']",60%,4,4,0,6,,,,,,,,,,,,,,,,,,,,,,,,,,,18.0,5.53,5.42,0.0,0.0,0.0,0.0,0.0,0.0,0.0,2.0,1.0,0.0
Coppola D.,Verona,D,,,4,4,0,8,20.0,5.85,5.92,2.0,0.0,0.0,0.0,0.0,0.0,0.0,9.0,0.0,0.0,16.0,5.81,5.66,0.0,0.0,0.0,0.0,0.0,0.0,0.0,5.0,0.0,0.0,3.0,5.83,5.83,0.0,0.0,0.0,0.0,0.0,0.0,0.0,0.0,0.0,0.0
Gila,Lazio,D,['Panchinaro'],60%,4,5,-1,11,21.0,6.02,5.93,0.0,0.0,0.0,0.0,0.0,0.0,0.0,2.0,1.0,0.0,2.0,5.5,5.5,0.0,0.0,0.0,0.0,0.0,0.0,0.0,0.0,0.0,0.0,,,,,,,,,,,,,
Bisseck,Inter,D,"['Outsider', 'Titolare', 'Goleador', 'Giovane talento']",60%,4,5,-1,11,11.0,6.36,7.0,2.0,0.0,0.0,0.0,0.0,0.0,1.0,0.0,0.0,0.0,,,,,,,,,,,,,,,,,,,,,,,,,,
Wieteska,Cagliari,D,"['Panchinaro', 'Falloso']",60%,4,3,1,4,15.0,5.57,5.5,0.0,0.0,0.0,0.0,0.0,0.0,1.0,2.0,1.0,0.0,,,,,,,,,,,,,,,,,,,,,,,,,,
Kristensen T.,Udinese,D,,,4,5,-1,8,26.0,5.79,5.75,0.0,0.0,0.0,0.0,0.0,0.0,1.0,2.0,1.0,0.0,,,,,,,,,,,,,,,,,,,,,,,,,,
Idzes,Venezia,D,"['Outsider', 'Titolare', 'Goleador']",40%,4,4,0,9,,,,,,,,,,,,,,,,,,,,,,,,,,,,,,,,,,,,,,,
Sverko,Venezia,D,"['Panchinaro', 'Falloso']",60%,4,4,0,7,,,,,,,,,,,,,,,,,,,,,,,,,,,,,,,,,,,,,,,
Savona,Juventus,D,"['Panchinaro', 'Goleador', 'Rigorista', 'Giovane talento']",60%,4,1,3,10,,,,,,,,,,,,,,,,,,,,,,,,,,,,,,,,,,,,,,,
Norton-Cuffy,Genoa,D,,,4,4,0,5,,,,,,,,,,,,,,,,,,,,,,,,,,,,,,,,,,,,,,,
Moreno M.,Fiorentina,D,,,4,4,0,8,,,,,,,,,,,,,,,,,,,,,,,,,,,,,,,,,,,,,,,
Mario Rui,Napoli,D,,,3,3,0,6,19.0,5.82,5.74,0.0,0.0,0.0,0.0,0.0,0.0,2.0,5.0,1.0,0.0,22.0,6.11,6.25,0.0,0.0,0.0,0.0,0.0,0.0,5.0,2.0,1.0,0.0,34.0,6.03,6.07,0.0,0.0,0.0,0.0,0.0,0.0,5.0,7.0,0.0,0.0
D'Ambrosio,Monza,D,,,3,3,0,5,24.0,5.79,5.69,0.0,0.0,0.0,0.0,0.0,0.0,0.0,3.0,1.0,0.0,13.0,5.96,5.96,0.0,0.0,0.0,0.0,0.0,0.0,2.0,2.0,1.0,0.0,15.0,6.23,6.47,1.0,0.0,0.0,0.0,0.0,0.0,1.0,2.0,0.0,0.0
De Silvestri,Bologna,D,"['Panchinaro', 'Assistman']",80%,3,3,0,5,12.0,6.17,6.67,2.0,0.0,0.0,0.0,0.0,0.0,0.0,0.0,0.0,0.0,13.0,5.92,5.96,1.0,0.0,0.0,0.0,0.0,0.0,0.0,1.0,0.0,1.0,31.0,5.94,6.18,3.0,0.0,0.0,0.0,0.0,0.0,2.0,7.0,0.0,0.0
Faraoni,Verona,D,"['Titolare', 'Buona Media']",60%,3,3,0,6,16.0,5.72,5.62,0.0,0.0,0.0,0.0,0.0,0.0,1.0,5.0,0.0,0.0,21.0,5.95,6.17,2.0,0.0,0.0,0.0,0.0,0.0,2.0,7.0,0.0,0.0,32.0,6.08,6.48,4.0,0.0,0.0,0.0,0.0,0.0,5.0,6.0,1.0,0.0
Pellegrini Lu.,Lazio,D,,,3,3,0,6,17.0,5.79,5.76,1.0,0.0,0.0,0.0,0.0,0.0,0.0,5.0,1.0,0.0,3.0,6.17,5.83,0.0,0.0,0.0,0.0,0.0,0.0,0.0,3.0,0.0,0.0,17.0,6.09,5.97,0.0,0.0,0.0,0.0,0.0,0.0,1.0,6.0,0.0,0.0
Kabasele,Udinese,D,,,3,3,0,4,10.0,5.75,5.8,1.0,0.0,0.0,0.0,0.0,0.0,0.0,5.0,0.0,0.0,,,,,,,,,,,,,,,,,,,,,,,,,,
Valenti,Parma,D,"['Panchinaro', 'Falloso']",20%,3,3,0,5,,,,,,,,,,,,,,,,,,,,,,,,,,,,,,,,,,,,,,,
Balogh,Parma,D,"['Panchinaro', 'Falloso', 'Giovane talento']",60%,3,1,2,1,,,,,,,,,,,,,,,,,,,,,,,,,,,,,,,,,,,,,,,
Altare,Venezia,D,"['Titolare', 'Falloso']",80%,3,3,0,8,0.0,0.0,0.0,0.0,0.0,0.0,0.0,0.0,0.0,0.0,0.0,0.0,0.0,,,,,,,,,,,,,,19.0,5.97,6.0,1.0,0.0,0.0,0.0,0.0,0.0,0.0,5.0,0.0,0.0
Cacace,Empoli,D,"['Panchinaro', 'Giovane talento']",60%,3,3,0,5,28.0,5.73,5.66,0.0,0.0,0.0,0.0,0.0,0.0,1.0,6.0,0.0,0.0,10.0,5.65,5.6,0.0,0.0,0.0,0.0,0.0,0.0,0.0,1.0,0.0,0.0,8.0,5.81,5.75,0.0,0.0,0.0,0.0,0.0,0.0,0.0,1.0,0.0,0.0
Toure' I.s.,Udinese,D,,,3,3,0,5,,,,,,,,,,,,,,,,,,,,,,,,,,,,,,,,,,,,,,,
Thiaw,Milan,D,"['Panchinaro', 'Buona Media']",60%,3,4,-1,10,20.0,5.68,5.4,0.0,0.0,0.0,0.0,0.0,0.0,0.0,5.0,1.0,1.0,19.0,5.92,5.79,0.0,0.0,0.0,0.0,0.0,0.0,0.0,5.0,0.0,0.0,,,,,,,,,,,,,
Zemura,Udinese,D,['Panchinaro'],60%,3,3,0,4,21.0,5.86,5.98,1.0,0.0,0.0,0.0,0.0,0.0,0.0,1.0,0.0,0.0,,,,,,,,,,,,,,,,,,,,,,,,,,
Hatzidiakos,Cagliari,D,,,3,3,0,4,13.0,5.5,5.46,0.0,0.0,0.0,0.0,0.0,0.0,0.0,1.0,0.0,0.0,,,,,,,,,,,,,,,,,,,,,,,,,,
Gaspar K.,Lecce,D,,,3,3,0,12,,,,,,,,,,,,,,,,,,,,,,,,,,,,,,,,,,,,,,,
Dahl,Roma,D,"['Panchinaro', 'Assistman', 'Giovane talento']",60%,3,3,0,8,,,,,,,,,,,,,,,,,,,,,,,,,,,,,,,,,,,,,,,
Iovine,Como,D,"['Panchinaro', 'Assistman', 'Falloso']",60%,3,3,0,7,,,,,,,,,,,,,,,,,,,,,,,,,,,,,,,,,,,,,,,
Coulibaly W.,Parma,D,,,3,2,1,14,,,,,,,,,,,,,,,,,,,,,,,,,,,,,,,,,,,,,,,
Pelmard,Lecce,D,['Panchinaro'],60%,3,3,0,7,,,,,,,,,,,,,,,,,,,,,,,,,,,,,,,,,,,,,,,
Palacios T.,Inter,D,,,3,3,0,6,,,,,,,,,,,,,,,,,,,,,,,,,,,,,,,,,,,,,,,
Schingtienne,Venezia,D,"['Panchinaro', 'Giovane talento']",60%,3,3,0,6,,,,,,,,,,,,,,,,,,,,,,,,,,,,,,,,,,,,,,,
Kempf,Como,D,"['Outsider', 'Panchinaro', 'Goleador']",60%,3,3,0,6,,,,,,,,,,,,,,,,,,,,,,,,,,,,,,,,,,,,,,,
Barba,Como,D,['Panchinaro'],40%,2,1,1,3,,,,,,,,,,,,,,,,,,,,,,,,,,,,,,,,,,,,,,,
Goldaniga,Como,D,"['Panchinaro', 'Falloso']",60%,2,3,-1,4,13.0,5.65,5.54,0.0,0.0,0.0,0.0,0.0,0.0,0.0,3.0,0.0,0.0,,,,,,,,,,,,,,11.0,5.64,5.5,0.0,0.0,0.0,0.0,0.0,0.0,0.0,3.0,0.0,0.0
Bonifazi,Lecce,D,['Panchinaro'],40%,2,2,0,4,6.0,5.75,5.75,0.0,0.0,0.0,0.0,0.0,0.0,0.0,0.0,0.0,0.0,13.0,5.73,5.65,0.0,0.0,0.0,0.0,0.0,0.0,0.0,2.0,0.0,0.0,17.0,5.65,5.41,0.0,0.0,0.0,0.0,0.0,0.0,0.0,2.0,1.0,1.0
Sala M.,Como,D,,,2,2,0,6,,,,,,,,,,,,,,,,,,,,,,,,,,,,,,,,,,,,,,,
Djalo',Juventus,D,,,2,2,0,4,1.0,6.0,6.0,0.0,0.0,0.0,0.0,0.0,0.0,0.0,0.0,0.0,0.0,,,,,,,,,,,,,,,,,,,,,,,,,,
Obert,Cagliari,D,"['Panchinaro', 'Giovane talento']",80%,2,2,0,3,13.0,5.35,5.31,0.0,0.0,0.0,0.0,0.0,0.0,0.0,1.0,0.0,0.0,,,,,,,,,,,,,,4.0,5.88,5.88,0.0,0.0,0.0,0.0,0.0,0.0,0.0,0.0,0.0,0.0
Sambia,Empoli,D,['Panchinaro'],60%,2,2,0,3,16.0,5.91,6.09,1.0,0.0,0.0,0.0,0.0,0.0,2.0,4.0,0.0,0.0,13.0,5.88,5.92,0.0,0.0,0.0,0.0,0.0,0.0,1.0,3.0,0.0,0.0,,,,,,,,,,,,,
Carboni F.,Venezia,D,,,2,2,0,4,0.0,0.0,0.0,0.0,0.0,0.0,0.0,0.0,0.0,0.0,0.0,0.0,0.0,2.0,6.25,6.25,0.0,0.0,0.0,0.0,0.0,0.0,0.0,0.0,0.0,0.0,,,,,,,,,,,,,
Okou,Verona,D,"['Panchinaro', 'Goleador']",60%,2,2,0,3,,,,,,,,,,,,,,,,,,,,,,,,,,,,,,,,,,,,,,,
Comuzzo,Fiorentina,D,"['Panchinaro', 'Giovane talento']",60%,2,1,1,10,2.0,6.0,5.75,0.0,0.0,0.0,0.0,0.0,0.0,0.0,1.0,0.0,0.0,,,,,,,,,,,,,,,,,,,,,,,,,,
Sagrado,Venezia,D,"['Titolare', 'Falloso', 'Giovane talento']",40%,2,1,1,7,,,,,,,,,,,,,,,,,,,,,,,,,,,,,,,,,,,,,,,
Dembele' A.,Torino,D,,,2,1,1,3,,,,,,,,,,,,,,,,,,,,,,,,,,,,,,,,,,,,,,,
Jean,Lecce,D,['Panchinaro'],60%,2,2,0,3,,,,,,,,,,,,,,,,,,,,,,,,,,,,,,,,,,,,,,,
Leoni,Parma,D,"['Panchinaro', 'Giovane talento']",60%,2,2,0,3,,,,,,,,,,,,,,,,,,,,,,,,,,,,,,,,,,,,,,,
De Sciglio,Empoli,D,['Panchinaro'],20%,1,1,0,10,1.0,6.0,6.0,0.0,0.0,0.0,0.0,0.0,0.0,0.0,0.0,0.0,0.0,17.0,5.76,5.76,0.0,0.0,0.0,0.0,0.0,0.0,0.0,0.0,0.0,0.0,16.0,6.06,6.25,1.0,0.0,0.0,0.0,0.0,0.0,2.0,2.0,1.0,0.0
Di Chiara,Parma,D,['Panchinaro'],60%,1,1,0,1,,,,,,,,,,,,,,,,,,,,,,,,,,,,,,,,,,,,,,,
Haps,Venezia,D,['Panchinaro'],60%,1,1,0,1,14.0,5.93,6.0,0.0,0.0,0.0,0.0,0.0,0.0,1.0,0.0,0.0,0.0,,,,,,,,,,,,,,25.0,5.84,5.88,1.0,0.0,0.0,0.0,0.0,0.0,1.0,6.0,0.0,0.0
Terracciano F.,Milan,D,,,1,1,0,1,19.0,5.89,5.89,0.0,0.0,0.0,0.0,0.0,0.0,1.0,2.0,0.0,0.0,13.0,6.08,6.12,0.0,0.0,0.0,0.0,0.0,0.0,1.0,2.0,0.0,0.0,,,,,,,,,,,,,
Ebosse,Udinese,D,['Panchinaro'],60%,1,1,0,1,0.0,0.0,0.0,0.0,0.0,0.0,0.0,0.0,0.0,0.0,0.0,0.0,0.0,14.0,5.64,5.54,0.0,0.0,0.0,0.0,0.0,0.0,0.0,3.0,0.0,0.0,,,,,,,,,,,,,
Matturro,Genoa,D,"['Panchinaro', 'Giovane talento']",60%,1,1,0,1,3.0,5.5,4.83,0.0,0.0,0.0,0.0,0.0,0.0,0.0,0.0,0.0,1.0,,,,,,,,,,,,,,,,,,,,,,,,,,
Corazza,Bologna,D,"['Panchinaro', 'Giovane talento']",60%,1,1,0,1,5.0,5.9,5.8,0.0,0.0,0.0,0.0,0.0,0.0,0.0,1.0,0.0,0.0,,,,,,,,,,,,,,,,,,,,,,,,,,
Sazonov,Empoli,D,"['Panchinaro', 'Falloso']",60%,1,1,0,6,8.0,5.75,5.69,0.0,0.0,0.0,0.0,0.0,0.0,0.0,2.0,0.0,0.0,,,,,,,,,,,,,,,,,,,,,,,,,,
Goglichidze,Empoli,D,"['Panchinaro', 'Giovane talento']",60%,1,1,0,1,0.0,0.0,0.0,0.0,0.0,0.0,0.0,0.0,0.0,0.0,0.0,0.0,0.0,,,,,,,,,,,,,,,,,,,,,,,,,,
Ilic M.,Bologna,D,,,1,1,0,1,0.0,0.0,0.0,0.0,0.0,0.0,0.0,0.0,0.0,0.0,0.0,0.0,0.0,,,,,,,,,,,,,,,,,,,,,,,,,,
Ghilardi,Verona,D,['Panchinaro'],60%,1,1,0,1,,,,,,,,,,,,,,,,,,,,,,,,,,,,,,,,,,,,,,,
Kovacik,Como,D,"['Panchinaro', 'Assistman']",60%,1,1,0,1,,,,,,,,,,,,,,,,,,,,,,,,,,,,,,,,,,,,,,,
Sangare' B.,Roma,D,,,1,1,0,1,,,,,,,,,,,,,,,,,,,,,,,,,,,,,,,,,,,,,,,
Marcandalli,Genoa,D,"['Panchinaro', 'Giovane talento']",60%,1,1,0,1,,,,,,,,,,,,,,,,,,,,,,,,,,,,,,,,,,,,,,,
Rouhi,Juventus,D,,,1,1,0,1,,,,,,,,,,,,,,,,,,,,,,,,,,,,,,,,,,,,,,,
Marianucci,Empoli,D,,,1,1,0,1,,,,,,,,,,,,,,,,,,,,,,,,,,,,,,,,,,,,,,,
Pulisic,Milan,C,"['Titolare', 'Goleador', 'Piazzati']",60%,30,30,0,180,36.0,6.33,7.5,12.0,0.0,0.0,0.0,0.0,0.0,7.0,2.0,0.0,0.0,,,,,,,,,,,,,,,,,,,,,,,,,,
Calhanoglu,Inter,C,"['Titolare', 'Buona Media', 'Goleador', 'Assistman', 'Piazzati']",80%,28,28,0,163,32.0,6.47,7.7,13.0,0.0,0.0,10.0,10.0,0.0,3.0,5.0,0.0,0.0,33.0,6.36,6.74,3.0,0.0,0.0,1.0,1.0,0.0,5.0,3.0,0.0,0.0,33.0,6.36,7.2,7.0,0.0,0.0,3.0,3.0,0.0,12.0,11.0,0.0,0.0
Koopmeiners,Juventus,C,"['Titolare', 'Buona Media', 'Piazzati', 'Falloso']",60%,28,29,-1,160,34.0,6.4,7.53,12.0,0.0,0.0,2.0,2.0,0.0,5.0,5.0,0.0,0.0,33.0,6.36,7.14,10.0,0.0,0.0,4.0,2.0,2.0,5.0,7.0,0.0,0.0,28.0,6.3,6.62,4.0,0.0,0.0,0.0,0.0,0.0,1.0,4.0,0.0,1.0
Zaccagni,Lazio,C,"['Fuoriclasse', 'Titolare', 'Buona Media', 'Goleador', 'Assistman']",80%,27,27,0,155,28.0,6.23,6.77,6.0,0.0,0.0,0.0,0.0,0.0,1.0,8.0,0.0,0.0,35.0,6.54,7.44,10.0,0.0,0.0,1.0,1.0,0.0,6.0,9.0,0.0,0.0,30.0,6.3,6.93,6.0,0.0,0.0,1.0,1.0,0.0,4.0,6.0,0.0,0.0
Politano,Napoli,C,"['Titolare', 'Buona Media', 'Goleador', 'Piazzati']",80%,23,24,-1,70,37.0,6.19,6.89,8.0,0.0,0.0,3.0,2.0,1.0,7.0,2.0,1.0,0.0,23.0,6.22,6.54,3.0,0.0,0.0,3.0,2.0,1.0,2.0,1.0,0.0,0.0,31.0,6.13,6.5,3.0,0.0,0.0,0.0,0.0,0.0,4.0,3.0,0.0,0.0
Colpani,Fiorentina,C,"['Outsider', 'Titolare', 'Buona Media', 'Goleador', 'Giovane talento']",60%,22,23,-1,89,38.0,6.2,6.92,8.0,0.0,0.0,0.0,0.0,0.0,4.0,1.0,0.0,0.0,24.0,6.1,6.62,4.0,0.0,0.0,0.0,0.0,0.0,1.0,1.0,0.0,0.0,,,,,,,,,,,,,
Pellegrini Lo.,Roma,C,,,21,22,-1,73,29.0,6.14,6.95,8.0,0.0,0.0,1.0,1.0,0.0,3.0,7.0,0.0,0.0,32.0,5.97,6.33,4.0,0.0,0.0,3.0,2.0,1.0,5.0,5.0,0.0,0.0,27.0,6.28,7.13,9.0,0.0,0.0,3.0,2.0,1.0,3.0,6.0,1.0,0.0
Barella,Inter,C,"['Fuoriclasse', 'Titolare', 'Buona Media']",80%,21,20,1,75,37.0,6.38,6.53,2.0,0.0,0.0,0.0,0.0,0.0,3.0,7.0,0.0,0.0,35.0,6.26,6.86,6.0,0.0,0.0,0.0,0.0,0.0,6.0,6.0,0.0,0.0,36.0,6.49,6.92,3.0,0.0,0.0,0.0,0.0,0.0,11.0,9.0,0.0,0.0
Orsolini,Bologna,C,"['Fuoriclasse', 'Titolare', 'Buona Media', 'Goleador', 'Rigorista', 'Piazzati']",40%,21,21,0,90,31.0,6.16,7.06,10.0,0.0,0.0,3.0,2.0,1.0,2.0,2.0,0.0,0.0,32.0,6.16,7.09,11.0,0.0,0.0,3.0,3.0,0.0,2.0,6.0,2.0,0.0,26.0,6.04,6.81,6.0,0.0,0.0,2.0,2.0,0.0,3.0,2.0,0.0,0.0
Man,Parma,C,"['Outsider', 'Titolare', 'Buona Media', 'Goleador', 'Assistman']",60%,21,19,2,107,,,,,,,,,,,,,,,,,,,,,,,,,,,,,,,,,,,,,,,
Douglas Luiz,Juventus,C,,,20,20,0,66,,,,,,,,,,,,,,,,,,,,,,,,,,,,,,,,,,,,,,,
Neres,Napoli,C,"['Titolare', 'Assistman']",60%,20,20,0,77,,,,,,,,,,,,,,,,,,,,,,,,,,,,,,,,,,,,,,,
Frattesi,Inter,C,"['Panchinaro', 'Buona Media', 'Goleador']",60%,18,18,0,62,28.0,6.27,7.0,6.0,0.0,0.0,0.0,0.0,0.0,3.0,1.0,0.0,0.0,36.0,6.26,6.79,7.0,0.0,0.0,0.0,0.0,0.0,0.0,4.0,0.0,0.0,36.0,6.08,6.36,4.0,0.0,0.0,0.0,0.0,0.0,3.0,6.0,0.0,1.0
Loftus-Cheek,Milan,C,,,18,19,-1,51,29.0,6.12,6.69,6.0,0.0,0.0,0.0,0.0,0.0,1.0,5.0,0.0,0.0,,,,,,,,,,,,,,,,,,,,,,,,,,
Samardzic,Atalanta,C,"['Outsider', 'Titolare', 'Buona Media', 'Assistman', 'Giovane talento']",60%,17,17,0,53,33.0,6.18,6.74,6.0,0.0,0.0,1.0,1.0,0.0,2.0,3.0,0.0,0.0,32.0,6.05,6.59,5.0,0.0,0.0,0.0,0.0,0.0,3.0,1.0,0.0,0.0,13.0,6.12,6.73,2.0,0.0,0.0,0.0,0.0,0.0,2.0,0.0,0.0,0.0
Ferguson,Bologna,C,"['Panchinaro', 'Falloso']",20%,17,18,-1,42,31.0,6.39,6.94,6.0,0.0,0.0,0.0,0.0,0.0,3.0,8.0,0.0,0.0,31.0,6.24,6.85,7.0,0.0,0.0,0.0,0.0,0.0,0.0,4.0,0.0,0.0,,,,,,,,,,,,,
McTominay,Napoli,C,,,16,16,0,57,,,,,,,,,,,,,,,,,,,,,,,,,,,,,,,,,,,,,,,
Mkhitaryan,Inter,C,"['Fuoriclasse', 'Titolare', 'Buona Media', 'Goleador', 'Assistman']",40%,15,15,0,39,36.0,6.4,6.68,2.0,0.0,0.0,0.0,0.0,0.0,6.0,4.0,0.0,0.0,31.0,6.1,6.39,3.0,0.0,0.0,0.0,0.0,0.0,2.0,4.0,0.0,0.0,31.0,6.21,6.82,5.0,0.0,0.0,0.0,0.0,0.0,6.0,2.0,1.0,0.0
Ederson D.s.,Atalanta,C,,,15,15,0,55,36.0,6.14,6.56,6.0,0.0,0.0,0.0,0.0,0.0,1.0,8.0,0.0,0.0,34.0,5.94,6.0,1.0,0.0,0.0,0.0,0.0,0.0,1.0,4.0,0.0,0.0,15.0,6.17,6.47,2.0,0.0,0.0,0.0,0.0,0.0,1.0,5.0,0.0,0.0
Pasalic,Atalanta,C,"['Titolare', 'Buona Media', 'Goleador']",60%,14,15,-1,52,33.0,6.21,6.89,6.0,0.0,0.0,2.0,2.0,0.0,6.0,3.0,0.0,0.0,32.0,5.95,6.41,5.0,0.0,0.0,0.0,0.0,0.0,1.0,3.0,0.0,0.0,33.0,6.24,7.56,13.0,0.0,0.0,0.0,0.0,0.0,6.0,3.0,0.0,0.0
Vlasic,Torino,C,['Panchinaro'],60%,14,15,-1,48,33.0,6.02,6.3,3.0,0.0,0.0,0.0,0.0,0.0,2.0,3.0,0.0,0.0,34.0,6.22,6.82,5.0,0.0,0.0,0.0,0.0,0.0,6.0,1.0,0.0,0.0,,,,,,,,,,,,,
Bernabe',Parma,C,,,14,14,0,45,,,,,,,,,,,,,,,,,,,,,,,,,,,,,,,,,,,,,,,
Harroui,Verona,C,['Titolare'],60%,13,13,0,34,17.0,6.15,6.79,3.0,0.0,0.0,1.0,1.0,0.0,3.0,2.0,0.0,0.0,17.0,5.94,6.24,2.0,0.0,0.0,0.0,0.0,0.0,0.0,2.0,0.0,0.0,10.0,5.8,5.7,0.0,0.0,0.0,0.0,0.0,0.0,0.0,2.0,0.0,0.0
Fabbian,Bologna,C,"['Outsider', 'Titolare', 'Goleador', 'Falloso', 'Giovane talento']",60%,13,13,0,43,22.0,6.23,6.86,5.0,0.0,0.0,0.0,0.0,0.0,1.0,4.0,0.0,0.0,,,,,,,,,,,,,,,,,,,,,,,,,,
Suslov,Verona,C,"['Outsider', 'Titolare', 'Assistman', 'Falloso', 'Giovane talento']",60%,13,13,0,37,30.0,6.12,6.47,3.0,0.0,0.0,1.0,1.0,0.0,5.0,7.0,0.0,0.0,,,,,,,,,,,,,,,,,,,,,,,,,,
Zaniolo,Atalanta,C,"['Outsider', 'Titolare', 'Buona Media', 'Assistman']",60%,12,13,-1,30,,,,,,,,,,,,,,13.0,5.81,5.88,1.0,0.0,0.0,0.0,0.0,0.0,0.0,4.0,0.0,0.0,27.0,6.0,6.02,2.0,0.0,0.0,0.0,0.0,0.0,1.0,9.0,2.0,0.0
Strefezza,Como,C,"['Titolare', 'Assistman', 'Piazzati']",60%,12,12,0,32,19.0,5.82,5.87,1.0,0.0,0.0,1.0,1.0,0.0,0.0,4.0,0.0,0.0,34.0,6.31,6.97,8.0,0.0,0.0,3.0,2.0,1.0,4.0,5.0,0.0,0.0,,,,,,,,,,,,,
Da Cunha,Como,C,,,12,12,0,32,,,,,,,,,,,,,,,,,,,,,,,,,,,,,,,,,,,,,,,
Frendrup,Genoa,C,"['Titolare', 'Buona Media', 'Giovane talento']",60%,12,11,1,27,37.0,6.23,6.42,2.0,0.0,0.0,0.0,0.0,0.0,4.0,6.0,0.0,0.0,,,,,,,,,,,,,,10.0,5.8,5.75,0.0,0.0,0.0,0.0,0.0,0.0,0.0,1.0,0.0,0.0
Reijnders,Milan,C,"['Titolare', 'Buona Media', 'Falloso']",60%,12,12,0,30,36.0,6.12,6.38,3.0,0.0,0.0,0.0,0.0,0.0,4.0,8.0,0.0,0.0,,,,,,,,,,,,,,,,,,,,,,,,,,
Lazovic,Verona,C,"['Titolare', 'Buona Media', 'Assistman']",80%,11,10,1,23,31.0,5.87,6.19,3.0,0.0,0.0,1.0,1.0,0.0,2.0,0.0,1.0,0.0,30.0,6.25,6.82,4.0,0.0,0.0,0.0,0.0,0.0,5.0,0.0,0.0,0.0,34.0,6.22,6.49,1.0,0.0,0.0,0.0,0.0,0.0,7.0,2.0,0.0,0.0
Pessina,Monza,C,"['Outsider', 'Titolare', 'Buona Media', 'Assistman', 'Piazzati']",60%,11,12,-1,36,37.0,6.07,6.46,6.0,0.0,0.0,5.0,4.0,1.0,2.0,3.0,1.0,0.0,35.0,6.14,6.57,5.0,0.0,0.0,3.0,3.0,0.0,3.0,6.0,0.0,0.0,24.0,5.9,6.06,1.0,0.0,0.0,0.0,0.0,0.0,1.0,0.0,0.0,0.0
Malinovskyi,Genoa,C,"['Fuoriclasse', 'Titolare', 'Buona Media', 'Goleador', 'Assistman', 'Rigorista', 'Piazzati']",80%,11,11,0,26,23.0,6.22,6.63,4.0,0.0,0.0,0.0,0.0,0.0,1.0,7.0,0.0,0.0,12.0,6.0,6.38,1.0,0.0,0.0,0.0,0.0,0.0,2.0,2.0,0.0,0.0,29.0,6.26,6.88,6.0,0.0,0.0,0.0,0.0,0.0,5.0,10.0,0.0,0.0
Conceicao,Juventus,C,"['Panchinaro', 'Goleador', 'Piazzati', 'Falloso']",60%,11,11,0,24,,,,,,,,,,,,,,,,,,,,,,,,,,,,,,,,,,,,,,,
Zielinski,Inter,C,"['Titolare', 'Buona Media', 'Goleador']",60%,10,11,-1,26,27.0,5.94,6.33,3.0,0.0,0.0,1.0,1.0,0.0,2.0,1.0,0.0,0.0,37.0,6.3,6.72,3.0,0.0,0.0,0.0,0.0,0.0,8.0,3.0,0.0,0.0,34.0,6.12,6.78,6.0,0.0,0.0,0.0,0.0,0.0,5.0,1.0,0.0,0.0
Freuler,Bologna,C,['Titolare'],40%,10,9,1,19,32.0,6.11,6.06,1.0,0.0,0.0,0.0,0.0,0.0,0.0,9.0,0.0,0.0,0.0,0.0,0.0,0.0,0.0,0.0,0.0,0.0,0.0,0.0,0.0,0.0,0.0,29.0,5.93,5.83,1.0,0.0,0.0,0.0,0.0,0.0,1.0,10.0,0.0,1.0
Guendouzi,Lazio,C,"['Outsider', 'Titolare', 'Goleador', 'Assistman', 'Falloso']",60%,10,10,0,18,33.0,6.02,6.21,2.0,0.0,0.0,0.0,0.0,0.0,3.0,3.0,1.0,0.0,,,,,,,,,,,,,,,,,,,,,,,,,,
Zambo Anguissa,Napoli,C,,,10,10,0,19,33.0,5.82,5.85,0.0,0.0,0.0,0.0,0.0,0.0,2.0,2.0,0.0,0.0,36.0,6.25,6.6,3.0,0.0,0.0,0.0,0.0,0.0,5.0,3.0,0.0,0.0,23.0,6.28,6.22,0.0,0.0,0.0,0.0,0.0,0.0,1.0,5.0,0.0,0.0
Fagioli,Juventus,C,"['Outsider', 'Titolare', 'Assistman', 'Giovane talento']",60%,10,10,0,18,8.0,6.06,6.25,0.0,0.0,0.0,0.0,0.0,0.0,2.0,1.0,0.0,0.0,23.0,6.13,6.59,3.0,0.0,0.0,0.0,0.0,0.0,3.0,3.0,0.0,0.0,0.0,0.0,0.0,0.0,0.0,0.0,0.0,0.0,0.0,0.0,0.0,0.0,0.0
Chukwueze,Milan,C,"['Titolare', 'Goleador', 'Assistman']",60%,10,11,-1,35,20.0,6.02,6.25,1.0,0.0,0.0,0.0,0.0,0.0,2.0,1.0,0.0,0.0,,,,,,,,,,,,,,,,,,,,,,,,,,
Messias,Genoa,C,"['Outsider', 'Titolare', 'Goleador', 'Assistman', 'Rigorista', 'Piazzati']",60%,10,9,1,24,17.0,6.18,6.35,1.0,0.0,0.0,0.0,0.0,0.0,0.0,0.0,0.0,0.0,25.0,6.0,6.62,5.0,0.0,0.0,0.0,0.0,0.0,2.0,3.0,0.0,0.0,26.0,6.0,6.62,5.0,0.0,0.0,0.0,0.0,0.0,2.0,2.0,0.0,0.0
Thuram K.,Juventus,C,,,10,10,0,25,,,,,,,,,,,,,,,,,,,,,,,,,,,,,,,,,,,,,,,
Ndoye,Bologna,C,"['Panchinaro', 'Assistman', 'Piazzati', 'Giovane talento']",60%,10,10,0,24,31.0,6.02,6.08,1.0,0.0,0.0,0.0,0.0,0.0,1.0,4.0,0.0,0.0,,,,,,,,,,,,,,,,,,,,,,,,,,
Aebischer,Bologna,C,"['Panchinaro', 'Buona Media', 'Falloso']",40%,10,10,0,20,31.0,6.0,5.9,0.0,0.0,0.0,0.0,0.0,0.0,1.0,8.0,0.0,0.0,26.0,5.87,5.9,1.0,0.0,0.0,0.0,0.0,0.0,0.0,4.0,0.0,0.0,8.0,5.88,5.81,0.0,0.0,0.0,0.0,0.0,0.0,0.0,1.0,0.0,0.0
Lovric,Udinese,C,['Titolare'],60%,10,10,0,23,29.0,5.97,6.09,1.0,0.0,0.0,0.0,0.0,0.0,2.0,1.0,1.0,0.0,36.0,6.18,6.71,5.0,0.0,0.0,0.0,0.0,0.0,6.0,4.0,0.0,0.0,,,,,,,,,,,,,
Le Fee,Roma,C,,,10,10,0,21,,,,,,,,,,,,,,,,,,,,,,,,,,,,,,,,,,,,,,,
Cristante,Roma,C,"['Titolare', 'Buona Media']",60%,9,9,0,20,37.0,6.11,6.35,3.0,0.0,0.0,0.0,0.0,0.0,4.0,8.0,0.0,0.0,36.0,5.99,5.89,1.0,0.0,0.0,1.0,0.0,1.0,1.0,7.0,1.0,0.0,34.0,5.97,5.96,2.0,0.0,0.0,0.0,0.0,0.0,0.0,9.0,0.0,1.0
Locatelli,Juventus,C,"['Titolare', 'Buona Media', 'Goleador']",60%,9,8,1,19,35.0,5.83,5.94,1.0,0.0,0.0,0.0,0.0,0.0,4.0,6.0,0.0,0.0,31.0,6.15,6.08,0.0,0.0,0.0,0.0,0.0,0.0,2.0,8.0,0.0,0.0,29.0,6.16,6.47,3.0,0.0,0.0,0.0,0.0,0.0,3.0,6.0,0.0,0.0
Lobotka,Napoli,C,"['Fuoriclasse', 'Titolare', 'Buona Media']",60%,9,9,0,16,38.0,5.93,5.91,0.0,0.0,0.0,0.0,0.0,0.0,1.0,4.0,0.0,0.0,38.0,6.26,6.34,1.0,0.0,0.0,0.0,0.0,0.0,1.0,2.0,0.0,0.0,21.0,6.29,6.38,1.0,0.0,0.0,0.0,0.0,0.0,0.0,2.0,0.0,0.0
Zurkowski,Empoli,C,"['Panchinaro', 'Goleador']",60%,9,10,-1,23,13.0,6.04,6.81,4.0,0.0,0.0,0.0,0.0,0.0,0.0,4.0,0.0,0.0,10.0,5.7,5.75,0.0,0.0,0.0,0.0,0.0,0.0,1.0,1.0,0.0,0.0,33.0,6.17,6.7,6.0,0.0,0.0,0.0,0.0,0.0,2.0,5.0,0.0,0.0
Castrovilli,Lazio,C,"['Panchinaro', 'Buona Media']",20%,9,10,-1,17,5.0,6.3,7.3,1.0,0.0,0.0,0.0,0.0,0.0,2.0,0.0,0.0,0.0,12.0,6.08,6.54,2.0,0.0,0.0,0.0,0.0,0.0,1.0,3.0,0.0,0.0,23.0,6.02,6.11,1.0,0.0,0.0,0.0,0.0,0.0,1.0,4.0,0.0,0.0
Maldini,Monza,C,"['Outsider', 'Panchinaro']",60%,9,9,0,21,16.0,6.19,6.97,4.0,0.0,0.0,0.0,0.0,0.0,1.0,1.0,0.0,0.0,15.0,6.07,6.43,2.0,0.0,0.0,0.0,0.0,0.0,0.0,1.0,0.0,0.0,3.0,6.33,7.17,1.0,0.0,0.0,0.0,0.0,0.0,0.0,1.0,0.0,0.0
Ilic,Torino,C,"['Panchinaro', 'Giovane talento']",60%,9,7,2,21,28.0,6.07,6.38,3.0,0.0,0.0,0.0,0.0,0.0,1.0,3.0,0.0,0.0,25.0,6.06,6.34,2.0,0.0,0.0,0.0,0.0,0.0,3.0,4.0,0.0,0.0,32.0,6.06,6.08,1.0,0.0,0.0,0.0,0.0,0.0,3.0,5.0,1.0,1.0
Baldanzi,Roma,C,"['Outsider', 'Panchinaro', 'Buona Media', 'Goleador', 'Giovane talento']",60%,9,8,1,20,24.0,6.08,6.27,2.0,0.0,0.0,0.0,0.0,0.0,0.0,3.0,0.0,0.0,26.0,6.15,6.58,4.0,0.0,0.0,0.0,0.0,0.0,0.0,2.0,0.0,0.0,,,,,,,,,,,,,
Tchaouna,Lazio,C,"['Outsider', 'Panchinaro', 'Assistman', 'Giovane talento']",60%,9,9,0,16,29.0,6.07,6.52,4.0,0.0,0.0,0.0,0.0,0.0,3.0,4.0,0.0,0.0,,,,,,,,,,,,,,,,,,,,,,,,,,
De Roon,Atalanta,C,"['Titolare', 'Buona Media']",80%,8,8,0,16,30.0,5.97,5.97,0.0,0.0,0.0,0.0,0.0,0.0,5.0,10.0,0.0,0.0,34.0,6.1,6.26,3.0,0.0,0.0,0.0,0.0,0.0,0.0,7.0,0.0,0.0,30.0,5.95,6.13,3.0,0.0,0.0,0.0,0.0,0.0,0.0,5.0,1.0,0.0
Verdi,Como,C,"['Titolare', 'Goleador', 'Rigorista', 'Piazzati']",40%,8,9,-1,18,0.0,0.0,0.0,0.0,0.0,0.0,0.0,0.0,0.0,0.0,0.0,0.0,0.0,22.0,6.07,6.7,5.0,0.0,0.0,1.0,1.0,0.0,0.0,3.0,0.0,0.0,17.0,6.24,7.21,6.0,0.0,0.0,1.0,1.0,0.0,0.0,3.0,0.0,0.0
Duncan,Venezia,C,"['Titolare', 'Piazzati']",40%,8,8,0,16,26.0,6.08,6.46,2.0,0.0,0.0,0.0,0.0,0.0,5.0,2.0,0.0,0.0,21.0,5.88,5.95,1.0,0.0,0.0,0.0,0.0,0.0,0.0,3.0,0.0,0.0,31.0,5.92,6.13,2.0,0.0,0.0,0.0,0.0,0.0,2.0,3.0,0.0,0.0
Sottil,Fiorentina,C,"['Panchinaro', 'Falloso', 'Giovane talento']",60%,8,9,-1,19,18.0,5.97,6.44,2.0,0.0,0.0,0.0,0.0,0.0,3.0,1.0,0.0,0.0,16.0,5.97,6.06,0.0,0.0,0.0,0.0,0.0,0.0,2.0,1.0,0.0,0.0,22.0,6.0,6.41,3.0,0.0,0.0,0.0,0.0,0.0,2.0,2.0,1.0,0.0
Duda,Verona,C,"['Titolare', 'Rigorista']",80%,8,7,1,16,32.0,6.05,5.98,1.0,0.0,0.0,1.0,0.0,1.0,5.0,10.0,2.0,0.0,14.0,5.82,5.68,0.0,0.0,0.0,0.0,0.0,0.0,0.0,4.0,0.0,0.0,,,,,,,,,,,,,
Gaetano,Cagliari,C,"['Outsider', 'Titolare', 'Buona Media', 'Goleador', 'Assistman']",60%,8,9,-1,40,17.0,6.12,6.88,5.0,0.0,0.0,1.0,1.0,0.0,0.0,2.0,1.0,0.0,4.0,6.12,6.88,1.0,0.0,0.0,0.0,0.0,0.0,0.0,0.0,0.0,0.0,,,,,,,,,,,,,
Ricci S.,Torino,C,,,8,8,0,20,30.0,5.9,5.87,1.0,0.0,0.0,0.0,0.0,0.0,0.0,6.0,1.0,0.0,28.0,6.16,6.3,2.0,0.0,0.0,0.0,0.0,0.0,1.0,6.0,0.0,0.0,30.0,5.88,5.95,1.0,0.0,0.0,0.0,0.0,0.0,1.0,2.0,1.0,0.0
Kone' M.,Roma,C,,,8,8,0,17,,,,,,,,,,,,,,,,,,,,,,,,,,,,,,,,,,,,,,,
Oristanio,Venezia,C,"['Outsider', 'Titolare', 'Goleador', 'Falloso', 'Giovane talento']",60%,8,9,-1,23,24.0,6.1,6.38,2.0,0.0,0.0,0.0,0.0,0.0,1.0,1.0,0.0,0.0,,,,,,,,,,,,,,,,,,,,,,,,,,
Payero,Udinese,C,"['Panchinaro', 'Goleador', 'Piazzati']",20%,8,8,0,13,28.0,5.88,6.02,2.0,0.0,0.0,0.0,0.0,0.0,2.0,6.0,1.0,0.0,,,,,,,,,,,,,,,,,,,,,,,,,,
Tete Morente,Lecce,C,,,8,9,-1,18,,,,,,,,,,,,,,,,,,,,,,,,,,,,,,,,,,,,,,,
Richardson,Fiorentina,C,"['Outsider', 'Titolare', 'Giovane talento']",60%,8,8,0,16,,,,,,,,,,,,,,,,,,,,,,,,,,,,,,,,,,,,,,,
Badelj,Genoa,C,"['Titolare', 'Falloso']",40%,7,6,1,9,32.0,6.05,6.14,1.0,0.0,0.0,0.0,0.0,0.0,3.0,6.0,0.0,0.0,,,,,,,,,,,,,,34.0,5.76,5.79,1.0,0.0,0.0,0.0,0.0,0.0,0.0,4.0,0.0,0.0
Vecino,Lazio,C,"['Panchinaro', 'Buona Media']",60%,7,7,0,15,25.0,6.16,6.78,6.0,0.0,0.0,0.0,0.0,0.0,1.0,8.0,0.0,0.0,30.0,5.95,6.05,2.0,0.0,0.0,0.0,0.0,0.0,0.0,6.0,0.0,0.0,10.0,6.0,6.25,1.0,0.0,0.0,0.0,0.0,0.0,0.0,2.0,0.0,0.0
El Shaarawy,Roma,C,,,7,8,-1,19,29.0,6.05,6.4,3.0,0.0,0.0,0.0,0.0,0.0,2.0,2.0,0.0,0.0,26.0,6.37,7.15,7.0,0.0,0.0,0.0,0.0,0.0,1.0,3.0,0.0,0.0,24.0,5.92,6.27,3.0,0.0,0.0,0.0,0.0,0.0,0.0,1.0,0.0,0.0
Mandragora,Fiorentina,C,"['Titolare', 'Buona Media', 'Piazzati']",40%,7,8,-1,16,30.0,5.95,6.28,3.0,0.0,0.0,0.0,0.0,0.0,3.0,5.0,0.0,0.0,28.0,6.04,6.25,2.0,0.0,0.0,0.0,0.0,0.0,4.0,8.0,0.0,0.0,18.0,6.14,6.06,0.0,0.0,0.0,0.0,0.0,0.0,2.0,5.0,1.0,0.0
Mazzitelli,Como,C,"['Titolare', 'Assistman', 'Falloso']",40%,7,8,-1,18,29.0,6.1,6.52,5.0,0.0,0.0,0.0,0.0,0.0,0.0,4.0,1.0,0.0,0.0,0.0,0.0,0.0,0.0,0.0,0.0,0.0,0.0,0.0,0.0,0.0,0.0,,,,,,,,,,,,,
Bennacer,Milan,C,"['Panchinaro', 'Buona Media']",60%,7,7,0,15,18.0,6.08,6.47,2.0,0.0,0.0,1.0,1.0,0.0,2.0,2.0,0.0,0.0,28.0,6.23,6.46,2.0,0.0,0.0,0.0,0.0,0.0,3.0,5.0,0.0,0.0,28.0,6.27,6.41,2.0,0.0,0.0,0.0,0.0,0.0,1.0,7.0,0.0,0.0
Rovella,Lazio,C,"['Outsider', 'Panchinaro', 'Buona Media', 'Giovane talento']",60%,7,7,0,11,21.0,6.12,6.07,0.0,0.0,0.0,0.0,0.0,0.0,2.0,6.0,0.0,0.0,25.0,6.1,6.16,1.0,0.0,0.0,0.0,0.0,0.0,2.0,6.0,1.0,0.0,20.0,6.1,6.12,0.0,0.0,0.0,0.0,0.0,0.0,3.0,5.0,0.0,0.0
Weah,Juventus,C,"['Titolare', 'Assistman']",60%,7,5,2,21,25.0,5.92,5.86,0.0,0.0,0.0,0.0,0.0,0.0,1.0,5.0,0.0,0.0,,,,,,,,,,,,,,,,,,,,,,,,,,
Fofana Y.,Milan,C,,,7,8,-1,19,,,,,,,,,,,,,,,,,,,,,,,,,,,,,,,,,,,,,,,
Brescianini,Atalanta,C,"['Outsider', 'Panchinaro', 'Goleador', 'Piazzati']",60%,7,4,3,38,35.0,6.09,6.44,4.0,0.0,0.0,0.0,0.0,0.0,1.0,1.0,0.0,0.0,,,,,,,,,,,,,,,,,,,,,,,,,,
Gyasi,Empoli,C,"['Outsider', 'Titolare', 'Falloso']",60%,7,5,2,20,29.0,5.66,5.69,1.0,0.0,0.0,0.0,0.0,0.0,2.0,9.0,0.0,0.0,35.0,5.77,5.8,2.0,0.0,0.0,0.0,0.0,0.0,0.0,10.0,0.0,0.0,36.0,5.78,6.08,6.0,0.0,0.0,0.0,0.0,0.0,0.0,10.0,0.0,1.0
Gilmour,Napoli,C,"['Panchinaro', 'Buona Media', 'Falloso']",60%,7,7,0,11,,,,,,,,,,,,,,,,,,,,,,,,,,,,,,,,,,,,,,,
Karlsson,Bologna,C,"['Panchinaro', 'Goleador', 'Assistman']",40%,7,7,0,10,6.0,5.92,5.92,0.0,0.0,0.0,0.0,0.0,0.0,0.0,0.0,0.0,0.0,,,,,,,,,,,,,,,,,,,,,,,,,,
Marchwinski,Lecce,C,"['Outsider', 'Titolare', 'Giovane talento']",60%,7,8,-1,16,,,,,,,,,,,,,,,,,,,,,,,,,,,,,,,,,,,,,,,
Ekkelenkamp,Udinese,C,['Panchinaro'],60%,7,6,1,12,,,,,,,,,,,,,,,,,,,,,,,,,,,,,,,,,,,,,,,
Paz N.,Como,C,,,7,7,0,20,,,,,,,,,,,,,,,,,,,,,,,,,,,,,,,,,,,,,,,
Viola,Cagliari,C,"['Panchinaro', 'Buona Media']",40%,6,6,0,14,25.0,6.2,6.7,5.0,0.0,0.0,1.0,0.0,1.0,2.0,3.0,0.0,0.0,,,,,,,,,,,,,,3.0,5.67,5.67,0.0,0.0,0.0,0.0,0.0,0.0,0.0,0.0,0.0,0.0
Paredes,Roma,C,"['Titolare', 'Buona Media', 'Assistman']",40%,6,7,-1,16,34.0,5.99,6.13,3.0,0.0,0.0,3.0,3.0,0.0,4.0,14.0,1.0,0.0,20.0,5.78,5.78,1.0,0.0,0.0,0.0,0.0,0.0,0.0,6.0,1.0,0.0,,,,,,,,,,,,,
Sensi,Monza,C,"['Panchinaro', 'Goleador', 'Piazzati']",20%,6,7,-1,16,1.0,6.5,6.5,0.0,0.0,0.0,0.0,0.0,0.0,0.0,0.0,0.0,0.0,27.0,6.02,6.26,3.0,0.0,0.0,0.0,0.0,0.0,1.0,8.0,0.0,0.0,14.0,5.93,6.11,1.0,0.0,0.0,0.0,0.0,0.0,0.0,1.0,0.0,0.0
Barak,Fiorentina,C,"['Panchinaro', 'Buona Media', 'Goleador', 'Assistman', 'Rigorista']",40%,6,6,0,14,13.0,6.08,6.62,2.0,0.0,0.0,0.0,0.0,0.0,2.0,2.0,0.0,0.0,28.0,5.82,5.96,2.0,0.0,0.0,0.0,0.0,0.0,0.0,4.0,0.0,0.0,29.0,6.31,7.48,11.0,0.0,0.0,4.0,4.0,0.0,3.0,4.0,0.0,0.0
Valoti,Monza,C,,,6,6,0,13,0.0,0.0,0.0,0.0,0.0,0.0,0.0,0.0,0.0,0.0,0.0,0.0,0.0,7.0,5.71,5.71,0.0,0.0,0.0,0.0,0.0,0.0,0.0,1.0,0.0,0.0,,,,,,,,,,,,,
Hernani,Parma,C,"['Titolare', 'Buona Media']",60%,6,6,0,11,,,,,,,,,,,,,,,,,,,,,,,,,,,14.0,5.64,5.64,0.0,0.0,0.0,0.0,0.0,0.0,0.0,0.0,0.0,0.0
Marin,Cagliari,C,"['Titolare', 'Giovane talento']",40%,6,6,0,13,28.0,5.98,6.02,0.0,0.0,0.0,0.0,0.0,0.0,2.0,3.0,0.0,0.0,32.0,5.98,6.2,2.0,0.0,0.0,0.0,0.0,0.0,4.0,7.0,0.0,0.0,36.0,5.9,5.96,0.0,0.0,0.0,0.0,0.0,0.0,5.0,4.0,1.0,0.0
McKennie,Juventus,C,,,6,7,-1,12,33.0,6.2,6.32,0.0,0.0,0.0,0.0,0.0,0.0,7.0,6.0,0.0,0.0,15.0,5.7,5.97,1.0,0.0,0.0,0.0,0.0,0.0,1.0,0.0,0.0,0.0,19.0,6.18,6.63,3.0,0.0,0.0,0.0,0.0,0.0,0.0,1.0,0.0,0.0
Sohm,Parma,C,"['Panchinaro', 'Assistman']",60%,6,5,1,13,,,,,,,,,,,,,,,,,,,,,,,,,,,,,,,,,,,,,,,
Busio,Venezia,C,"['Titolare', 'Giovane talento']",60%,6,7,-1,15,,,,,,,,,,,,,,,,,,,,,,,,,,,28.0,5.88,5.88,1.0,0.0,0.0,0.0,0.0,0.0,1.0,8.0,0.0,0.0
Oudin,Lecce,C,"['Panchinaro', 'Assistman']",40%,6,7,-1,12,31.0,6.18,6.48,3.0,0.0,0.0,0.0,0.0,0.0,2.0,3.0,0.0,0.0,25.0,5.98,6.3,3.0,0.0,0.0,0.0,0.0,0.0,0.0,3.0,0.0,0.0,,,,,,,,,,,,,
Iling Junior,Bologna,C,,,6,6,0,11,20.0,5.98,6.2,1.0,0.0,0.0,0.0,0.0,0.0,2.0,1.0,0.0,0.0,8.0,6.19,6.62,1.0,0.0,0.0,0.0,0.0,0.0,1.0,1.0,0.0,0.0,,,,,,,,,,,,,
Folorunsho,Napoli,C,"['Outsider', 'Panchinaro', 'Goleador', 'Falloso']",40%,6,7,-1,15,33.0,6.0,6.41,5.0,0.0,0.0,0.0,0.0,0.0,1.0,5.0,0.0,0.0,,,,,,,,,,,,,,,,,,,,,,,,,,
Forson O.,Monza,C,,,6,6,0,13,,,,,,,,,,,,,,,,,,,,,,,,,,,,,,,,,,,,,,,
Dele-Bashiru,Lazio,C,,,6,5,1,20,,,,,,,,,,,,,,,,,,,,,,,,,,,,,,,,,,,,,,,
Karlstrom,Udinese,C,"['Titolare', 'Buona Media']",60%,6,5,1,8,,,,,,,,,,,,,,,,,,,,,,,,,,,,,,,,,,,,,,,
Fadera,Como,C,"['Outsider', 'Panchinaro', 'Assistman', 'Giovane talento']",60%,6,6,0,13,,,,,,,,,,,,,,,,,,,,,,,,,,,,,,,,,,,,,,,
Keita M.,Parma,C,,,6,6,0,12,,,,,,,,,,,,,,,,,,,,,,,,,,,,,,,,,,,,,,,
Gagliardini,Monza,C,"['Titolare', 'Buona Media', 'Falloso']",60%,5,5,0,9,32.0,5.88,5.92,1.0,0.0,0.0,0.0,0.0,0.0,1.0,5.0,0.0,0.0,13.0,5.62,5.46,0.0,0.0,0.0,0.0,0.0,0.0,0.0,3.0,1.0,0.0,15.0,6.1,6.57,2.0,0.0,0.0,0.0,0.0,0.0,2.0,2.0,0.0,0.0
Thorsby,Genoa,C,['Panchinaro'],60%,5,5,0,10,21.0,5.98,6.31,2.0,0.0,0.0,0.0,0.0,0.0,2.0,2.0,0.0,0.0,,,,,,,,,,,,,,35.0,5.86,6.0,3.0,0.0,0.0,0.0,0.0,0.0,1.0,10.0,0.0,0.0
Henderson L.,Empoli,C,,,5,4,1,8,0.0,0.0,0.0,0.0,0.0,0.0,0.0,0.0,0.0,0.0,0.0,0.0,0.0,23.0,5.83,5.67,0.0,0.0,0.0,0.0,0.0,0.0,1.0,9.0,0.0,0.0,34.0,6.0,6.21,2.0,0.0,0.0,0.0,0.0,0.0,3.0,4.0,0.0,0.0
Ikone',Fiorentina,C,,,5,5,0,13,26.0,5.79,6.08,3.0,0.0,0.0,0.0,0.0,0.0,1.0,5.0,0.0,0.0,30.0,6.03,6.43,4.0,0.0,0.0,0.0,0.0,0.0,2.0,4.0,0.0,0.0,15.0,5.87,6.1,1.0,0.0,0.0,0.0,0.0,0.0,1.0,1.0,0.0,0.0
Tameze,Torino,C,"['Titolare', 'Falloso']",80%,5,5,0,9,28.0,5.79,5.73,0.0,0.0,0.0,0.0,0.0,0.0,2.0,6.0,1.0,0.0,37.0,5.81,5.77,0.0,0.0,0.0,0.0,0.0,0.0,0.0,3.0,0.0,0.0,36.0,6.25,6.58,4.0,0.0,0.0,0.0,0.0,0.0,2.0,4.0,0.0,0.0
Saelemaekers,Roma,C,"['Outsider', 'Panchinaro', 'Buona Media', 'Goleador', 'Assistman']",80%,5,5,0,12,30.0,6.08,6.47,4.0,0.0,0.0,0.0,0.0,0.0,3.0,5.0,1.0,0.0,29.0,5.91,6.17,2.0,0.0,0.0,0.0,0.0,0.0,2.0,1.0,0.0,0.0,34.0,6.01,6.16,1.0,0.0,0.0,0.0,0.0,0.0,3.0,2.0,0.0,0.0
Musah,Milan,C,"['Panchinaro', 'Buona Media', 'Falloso', 'Giovane talento']",60%,5,4,1,10,25.0,5.92,5.86,0.0,0.0,0.0,0.0,0.0,0.0,1.0,5.0,0.0,0.0,,,,,,,,,,,,,,,,,,,,,,,,,,
Coulibaly L.,Lecce,C,,,5,5,0,9,27.0,5.72,5.65,0.0,0.0,0.0,0.0,0.0,0.0,0.0,5.0,0.0,0.0,35.0,6.06,6.23,3.0,0.0,0.0,0.0,0.0,0.0,3.0,12.0,0.0,0.0,31.0,5.79,5.74,0.0,0.0,0.0,0.0,0.0,0.0,0.0,3.0,0.0,0.0
Fazzini,Empoli,C,"['Outsider', 'Titolare', 'Giovane talento']",80%,5,4,1,19,25.0,5.92,5.96,1.0,0.0,0.0,0.0,0.0,0.0,1.0,6.0,0.0,0.0,15.0,5.9,5.8,0.0,0.0,0.0,0.0,0.0,0.0,0.0,4.0,0.0,0.0,,,,,,,,,,,,,
Ramadani,Lecce,C,"['Titolare', 'Falloso']",60%,5,5,0,10,34.0,5.82,5.72,1.0,0.0,0.0,0.0,0.0,0.0,0.0,13.0,0.0,0.0,,,,,,,,,,,,,,,,,,,,,,,,,,
Serdar,Verona,C,"['Titolare', 'Goleador', 'Piazzati', 'Falloso']",60%,5,5,0,10,23.0,6.07,5.96,0.0,0.0,0.0,0.0,0.0,0.0,1.0,7.0,0.0,0.0,,,,,,,,,,,,,,,,,,,,,,,,,,
Deiola,Cagliari,C,['Panchinaro'],40%,4,4,0,6,22.0,5.7,5.59,1.0,0.0,0.0,0.0,0.0,0.0,0.0,7.0,0.0,1.0,,,,,,,,,,,,,,31.0,5.82,6.16,4.0,0.0,0.0,0.0,0.0,0.0,1.0,5.0,0.0,0.0
Linetty,Torino,C,"['Titolare', 'Buona Media', 'Falloso']",60%,4,3,1,7,26.0,5.92,5.69,0.0,0.0,0.0,0.0,0.0,0.0,0.0,12.0,0.0,0.0,29.0,5.95,5.93,1.0,0.0,0.0,0.0,0.0,0.0,0.0,8.0,0.0,0.0,16.0,5.78,5.72,0.0,0.0,0.0,0.0,0.0,0.0,0.0,2.0,0.0,0.0
Kastanos,Verona,C,"['Panchinaro', 'Falloso']",60%,4,4,0,7,24.0,6.0,6.29,3.0,0.0,0.0,0.0,0.0,0.0,0.0,5.0,0.0,0.0,22.0,6.02,6.2,2.0,0.0,0.0,0.0,0.0,0.0,0.0,4.0,0.0,0.0,25.0,5.9,5.94,1.0,0.0,0.0,0.0,0.0,0.0,1.0,4.0,1.0,0.0
Kostic,Juventus,C,"['Panchinaro', 'Goleador', 'Assistman', 'Falloso']",60%,4,4,0,7,29.0,5.91,5.98,0.0,0.0,0.0,0.0,0.0,0.0,3.0,2.0,0.0,0.0,36.0,6.11,6.6,3.0,0.0,0.0,0.0,0.0,0.0,10.0,3.0,0.0,0.0,,,,,,,,,,,,,
Estevez,Parma,C,"['Outsider', 'Panchinaro', 'Falloso']",60%,4,4,0,10,,,,,,,,,,,,,,,,,,,,,,,,,,,,,,,,,,,,,,,
Bove,Fiorentina,C,"['Outsider', 'Panchinaro', 'Buona Media', 'Giovane talento']",60%,4,5,-1,10,28.0,5.96,5.96,0.0,0.0,0.0,0.0,0.0,0.0,1.0,2.0,0.0,0.0,17.0,6.03,6.15,1.0,0.0,0.0,0.0,0.0,0.0,0.0,2.0,0.0,0.0,2.0,6.5,8.0,1.0,0.0,0.0,0.0,0.0,0.0,0.0,0.0,0.0,0.0
Urbanski,Bologna,C,"['Panchinaro', 'Giovane talento']",60%,4,5,-1,10,18.0,5.92,5.83,0.0,0.0,0.0,0.0,0.0,0.0,0.0,3.0,0.0,0.0,0.0,0.0,0.0,0.0,0.0,0.0,0.0,0.0,0.0,0.0,0.0,0.0,0.0,,,,,,,,,,,,,
Maleh,Empoli,C,"['Titolare', 'Buona Media', 'Assistman', 'Falloso']",60%,4,3,1,8,34.0,5.79,5.66,0.0,0.0,0.0,0.0,0.0,0.0,1.0,11.0,0.0,0.0,21.0,5.81,5.76,0.0,0.0,0.0,0.0,0.0,0.0,1.0,5.0,0.0,0.0,23.0,6.07,6.26,2.0,0.0,0.0,0.0,0.0,0.0,1.0,5.0,0.0,0.0
Bjarkason,Venezia,C,['Panchinaro'],60%,4,4,0,6,,,,,,,,,,,,,,,,,,,,,,,,,,,0.0,0.0,0.0,0.0,0.0,0.0,0.0,0.0,0.0,0.0,0.0,0.0,0.0
Asllani,Inter,C,"['Panchinaro', 'Assistman', 'Giovane talento']",60%,4,5,-1,14,16.0,6.22,6.5,1.0,0.0,0.0,0.0,0.0,0.0,2.0,1.0,0.0,0.0,13.0,5.92,5.85,0.0,0.0,0.0,0.0,0.0,0.0,0.0,2.0,0.0,0.0,18.0,6.0,6.17,1.0,0.0,0.0,0.0,0.0,0.0,1.0,2.0,0.0,0.0
Miretti,Genoa,C,"['Panchinaro', 'Giovane talento']",60%,4,4,0,18,20.0,5.78,5.9,1.0,0.0,0.0,0.0,0.0,0.0,1.0,3.0,0.0,0.0,25.0,5.96,6.02,0.0,0.0,0.0,0.0,0.0,0.0,2.0,2.0,0.0,0.0,4.0,6.0,6.0,0.0,0.0,0.0,0.0,0.0,0.0,0.0,0.0,0.0,0.0
Adli,Fiorentina,C,"['Outsider', 'Titolare', 'Buona Media']",60%,4,5,-1,13,21.0,5.98,6.14,1.0,0.0,0.0,0.0,0.0,0.0,2.0,3.0,0.0,0.0,4.0,5.62,5.5,0.0,0.0,0.0,0.0,0.0,0.0,0.0,1.0,0.0,0.0,,,,,,,,,,,,,
Ciurria,Monza,C,"['Titolare', 'Buona Media', 'Assistman']",60%,4,5,-1,8,22.0,5.86,5.86,0.0,0.0,0.0,0.0,0.0,0.0,1.0,2.0,0.0,0.0,35.0,6.19,6.81,6.0,0.0,0.0,0.0,0.0,0.0,6.0,4.0,0.0,0.0,,,,,,,,,,,,,
Bondo,Monza,C,['Panchinaro'],60%,4,3,1,5,25.0,5.84,5.78,1.0,0.0,0.0,0.0,0.0,0.0,0.0,9.0,0.0,0.0,2.0,5.75,5.5,0.0,0.0,0.0,0.0,0.0,0.0,0.0,1.0,0.0,0.0,,,,,,,,,,,,,
Ellertsson,Venezia,C,"['Outsider', 'Panchinaro', 'Piazzati', 'Giovane talento']",60%,4,2,2,11,,,,,,,,,,,,,,5.0,5.8,5.7,0.0,0.0,0.0,0.0,0.0,0.0,0.0,3.0,0.0,0.0,,,,,,,,,,,,,
Perrone,Como,C,"['Panchinaro', 'Falloso']",60%,4,4,0,6,,,,,,,,,,,,,,,,,,,,,,,,,,,,,,,,,,,,,,,
Gineitis,Torino,C,"['Panchinaro', 'Giovane talento']",60%,4,4,0,12,10.0,6.05,5.95,0.0,0.0,0.0,0.0,0.0,0.0,0.0,2.0,0.0,0.0,2.0,6.0,5.5,0.0,0.0,0.0,0.0,0.0,0.0,0.0,2.0,0.0,0.0,,,,,,,,,,,,,
Rafia,Lecce,C,"['Panchinaro', 'Piazzati']",40%,4,4,0,8,24.0,5.92,5.88,1.0,0.0,0.0,0.0,0.0,0.0,0.0,4.0,0.0,1.0,,,,,,,,,,,,,,,,,,,,,,,,,,
El Azzouzi,Bologna,C,,,4,4,0,7,9.0,6.11,6.83,2.0,0.0,0.0,0.0,0.0,0.0,2.0,4.0,0.0,0.0,,,,,,,,,,,,,,,,,,,,,,,,,,
Makoumbou,Cagliari,C,"['Titolare', 'Falloso']",60%,4,4,0,7,32.0,5.62,5.61,1.0,0.0,0.0,0.0,0.0,0.0,0.0,3.0,2.0,0.0,,,,,,,,,,,,,,,,,,,,,,,,,,
Prati,Cagliari,C,"['Outsider', 'Titolare', 'Giovane talento']",60%,4,4,0,12,26.0,5.92,6.0,1.0,0.0,0.0,0.0,0.0,0.0,1.0,4.0,0.0,0.0,,,,,,,,,,,,,,,,,,,,,,,,,,
Pierret,Lecce,C,"['Panchinaro', 'Falloso']",60%,4,4,0,8,,,,,,,,,,,,,,,,,,,,,,,,,,,,,,,,,,,,,,,
Felici,Cagliari,C,"['Outsider', 'Titolare', 'Goleador']",60%,4,5,-1,12,,,,,,,,,,,,,,,,,,,,,,,,,,,,,,,,,,,,,,,
Andersen M.k.,Venezia,C,,,4,2,2,13,,,,,,,,,,,,,,,,,,,,,,,,,,,,,,,,,,,,,,,
Grassi,Empoli,C,['Panchinaro'],40%,3,3,0,4,26.0,5.92,5.77,0.0,0.0,0.0,0.0,0.0,0.0,1.0,4.0,1.0,1.0,20.0,5.92,5.85,0.0,0.0,0.0,0.0,0.0,0.0,0.0,3.0,0.0,0.0,28.0,5.95,5.88,0.0,0.0,0.0,0.0,0.0,0.0,1.0,4.0,1.0,0.0
Cataldi,Fiorentina,C,['Panchinaro'],60%,3,3,0,7,22.0,5.98,5.95,1.0,0.0,0.0,0.0,0.0,0.0,0.0,8.0,0.0,0.0,28.0,5.98,5.93,0.0,0.0,0.0,0.0,0.0,0.0,1.0,5.0,0.0,0.0,30.0,6.03,6.08,1.0,0.0,0.0,0.0,0.0,0.0,2.0,7.0,0.0,0.0
Baselli,Como,C,"['Panchinaro', 'Buona Media']",40%,3,3,0,7,,,,,,,,,,,,,,,,,,,,,,,,,,,12.0,5.88,5.92,0.0,0.0,0.0,0.0,0.0,0.0,1.0,1.0,0.0,0.0
Jankto,Cagliari,C,"['Panchinaro', 'Buona Media', 'Assistman', 'Piazzati']",60%,3,3,0,6,16.0,5.84,6.16,1.0,0.0,0.0,0.0,0.0,0.0,2.0,0.0,0.0,0.0,,,,,,,,,,,,,,0.0,0.0,0.0,0.0,0.0,0.0,0.0,0.0,0.0,0.0,0.0,0.0,0.0
Cyprien,Parma,C,['Titolare'],60%,3,2,1,2,,,,,,,,,,,,,,,,,,,,,,,,,,,,,,,,,,,,,,,
Adopo,Cagliari,C,"['Outsider', 'Titolare', 'Goleador']",60%,3,2,1,3,4.0,5.75,6.0,0.0,0.0,0.0,0.0,0.0,0.0,1.0,0.0,0.0,0.0,4.0,5.88,5.75,0.0,0.0,0.0,0.0,0.0,0.0,0.0,1.0,0.0,0.0,,,,,,,,,,,,,
Zalewski,Roma,C,"['Panchinaro', 'Giovane talento']",60%,3,2,1,8,22.0,5.8,5.77,0.0,0.0,0.0,0.0,0.0,0.0,1.0,1.0,1.0,0.0,32.0,5.98,6.16,2.0,0.0,0.0,0.0,0.0,0.0,1.0,3.0,0.0,0.0,13.0,5.85,5.81,0.0,0.0,0.0,0.0,0.0,0.0,0.0,1.0,0.0,0.0
Vignato S.,Monza,C,,,3,2,1,5,8.0,6.0,6.25,1.0,0.0,0.0,0.0,0.0,0.0,0.0,2.0,0.0,0.0,2.0,6.25,6.75,0.0,0.0,0.0,0.0,0.0,0.0,1.0,0.0,0.0,0.0,,,,,,,,,,,,,
Alidou,Verona,C,"['Panchinaro', 'Goleador']",60%,3,3,0,6,,,,,,,,,,,,,,,,,,,,,,,,,,,,,,,,,,,,,,,
Moro N.,Bologna,C,,,3,2,1,8,17.0,6.03,6.21,1.0,0.0,0.0,0.0,0.0,0.0,0.0,0.0,0.0,0.0,25.0,6.04,6.3,1.0,0.0,0.0,0.0,0.0,0.0,4.0,1.0,0.0,0.0,,,,,,,,,,,,,
Zarraga,Udinese,C,"['Panchinaro', 'Buona Media']",60%,3,3,0,6,7.0,6.07,6.93,2.0,0.0,0.0,0.0,0.0,0.0,0.0,0.0,0.0,0.0,,,,,,,,,,,,,,,,,,,,,,,,,,
Dani Silva,Verona,C,,,3,3,0,5,9.0,5.83,5.72,0.0,0.0,0.0,0.0,0.0,0.0,0.0,2.0,0.0,0.0,,,,,,,,,,,,,,,,,,,,,,,,,,
Mitrovic S.,Verona,C,,,3,3,0,6,10.0,5.9,5.9,0.0,0.0,0.0,0.0,0.0,0.0,0.0,0.0,0.0,0.0,,,,,,,,,,,,,,,,,,,,,,,,,,
Braunoder,Como,C,"['Outsider', 'Titolare']",60%,3,3,0,8,,,,,,,,,,,,,,,,,,,,,,,,,,,,,,,,,,,,,,,
Engelhardt,Como,C,"['Outsider', 'Titolare', 'Buona Media', 'Giovane talento']",60%,3,4,-1,8,,,,,,,,,,,,,,,,,,,,,,,,,,,,,,,,,,,,,,,
Rui Modesto,Udinese,C,,,3,3,0,5,,,,,,,,,,,,,,,,,,,,,,,,,,,,,,,,,,,,,,,
Yeboah J.,Venezia,C,,,3,3,0,8,,,,,,,,,,,,,,,,,,,,,,,,,,,,,,,,,,,,,,,
Haas,Empoli,C,['Titolare'],60%,2,2,0,3,1.0,5.5,5.0,0.0,0.0,0.0,0.0,0.0,0.0,0.0,1.0,0.0,0.0,24.0,5.88,5.96,1.0,0.0,0.0,0.0,0.0,0.0,0.0,2.0,0.0,0.0,16.0,5.88,5.91,0.0,0.0,0.0,0.0,0.0,0.0,2.0,3.0,0.0,0.0
Nicolussi Caviglia,Venezia,C,,,2,1,1,4,6.0,5.92,6.0,0.0,0.0,0.0,0.0,0.0,0.0,1.0,1.0,0.0,0.0,11.0,5.73,5.91,1.0,0.0,0.0,0.0,0.0,0.0,0.0,2.0,0.0,0.0,,,,,,,,,,,,,
Pobega,Bologna,C,"['Panchinaro', 'Buona Media', 'Falloso']",60%,2,2,0,10,7.0,5.93,5.93,0.0,0.0,0.0,0.0,0.0,0.0,0.0,0.0,0.0,0.0,14.0,5.96,6.25,2.0,0.0,0.0,0.0,0.0,0.0,0.0,4.0,0.0,0.0,31.0,6.26,6.5,4.0,0.0,0.0,0.0,0.0,0.0,1.0,11.0,0.0,0.0
Camara D.,Parma,C,,,2,1,1,1,,,,,,,,,,,,,,,,,,,,,,,,,,,,,,,,,,,,,,,
Crnigoj,Venezia,C,"['Panchinaro', 'Falloso']",60%,2,1,1,1,,,,,,,,,,,,,,6.0,5.83,5.75,0.0,0.0,0.0,0.0,0.0,0.0,0.0,1.0,0.0,0.0,32.0,5.97,6.23,3.0,0.0,0.0,0.0,0.0,0.0,1.0,3.0,0.0,0.0
Bianco,Monza,C,"['Panchinaro', 'Goleador', 'Falloso', 'Giovane talento']",60%,2,2,0,2,,,,,,,,,,,,,,3.0,6.17,6.0,0.0,0.0,0.0,0.0,0.0,0.0,0.0,1.0,0.0,0.0,0.0,0.0,0.0,0.0,0.0,0.0,0.0,0.0,0.0,0.0,0.0,0.0,0.0
Zerbin,Napoli,C,['Panchinaro'],60%,2,2,0,4,16.0,5.78,5.78,0.0,0.0,0.0,0.0,0.0,0.0,1.0,0.0,1.0,0.0,4.0,5.75,5.62,0.0,0.0,0.0,0.0,0.0,0.0,0.0,1.0,0.0,0.0,,,,,,,,,,,,,
Sulemana I.,Atalanta,C,,,2,2,0,4,19.0,5.89,6.13,2.0,0.0,0.0,0.0,0.0,0.0,0.0,4.0,0.0,0.0,13.0,5.92,5.77,0.0,0.0,0.0,0.0,0.0,0.0,0.0,4.0,0.0,0.0,,,,,,,,,,,,,
Belahyane,Verona,C,"['Panchinaro', 'Giovane talento']",60%,2,1,1,4,2.0,6.25,6.25,0.0,0.0,0.0,0.0,0.0,0.0,0.0,0.0,0.0,0.0,,,,,,,,,,,,,,,,,,,,,,,,,,
Anjorin,Empoli,C,['Panchinaro'],60%,2,2,0,4,,,,,,,,,,,,,,,,,,,,,,,,,,,,,,,,,,,,,,,
Akpa Akpro,Lazio,C,,,1,1,0,2,14.0,5.82,5.64,0.0,0.0,0.0,0.0,0.0,0.0,0.0,5.0,0.0,0.0,24.0,6.04,6.0,1.0,0.0,0.0,0.0,0.0,0.0,1.0,6.0,2.0,0.0,6.0,5.33,5.25,0.0,0.0,0.0,0.0,0.0,0.0,0.0,1.0,0.0,0.0
Kone B.,Como,C,,,1,1,0,1,,,,,,,,,,,,,,,,,,,,,,,,,,,1.0,5.0,5.0,0.0,0.0,0.0,0.0,0.0,0.0,0.0,0.0,0.0,0.0
Bohinen,Genoa,C,['Panchinaro'],80%,1,1,0,1,14.0,5.86,5.82,0.0,0.0,0.0,0.0,0.0,0.0,0.0,1.0,0.0,0.0,19.0,5.82,5.82,0.0,0.0,0.0,0.0,0.0,0.0,0.0,0.0,0.0,0.0,10.0,5.95,5.8,0.0,0.0,0.0,0.0,0.0,0.0,1.0,5.0,0.0,0.0
Pisilli,Roma,C,"['Panchinaro', 'Goleador', 'Giovane talento']",60%,1,1,0,1,0.0,0.0,0.0,0.0,0.0,0.0,0.0,0.0,0.0,0.0,0.0,0.0,0.0,,,,,,,,,,,,,,,,,,,,,,,,,,
Belardinelli,Empoli,C,"['Panchinaro', 'Falloso', 'Giovane talento']",40%,1,1,0,1,0.0,0.0,0.0,0.0,0.0,0.0,0.0,0.0,0.0,0.0,0.0,0.0,0.0,,,,,,,,,,,,,,,,,,,,,,,,,,
Kaba,Lecce,C,"['Titolare', 'Falloso', 'Giovane talento']",60%,1,1,0,1,22.0,5.82,5.73,0.0,0.0,0.0,0.0,0.0,0.0,0.0,2.0,1.0,0.0,,,,,,,,,,,,,,,,,,,,,,,,,,
Zeroli,Milan,C,,,1,1,0,1,,,,,,,,,,,,,,,,,,,,,,,,,,,,,,,,,,,,,,,
Buchanan T.,Inter,C,,,1,1,0,1,7.0,6.07,6.5,1.0,0.0,0.0,0.0,0.0,0.0,0.0,0.0,0.0,0.0,,,,,,,,,,,,,,,,,,,,,,,,,,
Adzic,Juventus,C,,,1,1,0,1,,,,,,,,,,,,,,,,,,,,,,,,,,,,,,,,,,,,,,,
Liberali,Milan,C,,,1,1,0,1,,,,,,,,,,,,,,,,,,,,,,,,,,,,,,,,,,,,,,,
Doumbia I.,Venezia,C,,,1,1,0,2,,,,,,,,,,,,,,,,,,,,,,,,,,,,,,,,,,,,,,,
Byar,Bologna,C,,,1,1,0,1,,,,,,,,,,,,,,,,,,,,,,,,,,,,,,,,,,,,,,,
Vos,Milan,C,,,1,1,0,1,,,,,,,,,,,,,,,,,,,,,,,,,,,,,,,,,,,,,,,
Hasa,Lecce,C,"['Outsider', 'Panchinaro', 'Assistman', 'Falloso', 'Giovane talento']",60%,1,1,0,1,,,,,,,,,,,,,,,,,,,,,,,,,,,,,,,,,,,,,,,
Atta,Udinese,C,,,1,1,0,1,,,,,,,,,,,,,,,,,,,,,,,,,,,,,,,,,,,,,,,
Martinez L.,Inter,A,,,39,41,-2,406,33.0,6.65,8.73,24.0,0.0,0.0,3.0,2.0,1.0,2.0,5.0,0.0,0.0,37.0,6.42,8.16,21.0,0.0,0.0,2.0,1.0,1.0,6.0,3.0,0.0,0.0,33.0,6.38,8.02,21.0,0.0,0.0,6.0,3.0,3.0,3.0,6.0,0.0,0.0
Vlahovic,Juventus,A,"['Fuoriclasse', 'Titolare', 'Buona Media', 'Goleador', 'Rigorista', 'Piazzati', 'Giovane talento']",60%,38,37,1,383,33.0,6.18,7.42,16.0,0.0,0.0,4.0,2.0,2.0,3.0,6.0,1.0,0.0,25.0,6.06,7.16,10.0,0.0,0.0,3.0,2.0,1.0,1.0,1.0,0.0,0.0,36.0,6.4,8.35,24.0,0.0,0.0,6.0,5.0,1.0,3.0,4.0,0.0,0.0
Osimhen,Napoli,A,"['Fuoriclasse', 'Panchinaro', 'Goleador', 'Rigorista', 'Falloso', 'Giovane talento']",60%,34,35,-1,155,25.0,6.36,7.88,15.0,0.0,0.0,5.0,3.0,2.0,2.0,4.0,1.0,0.0,32.0,6.73,9.14,26.0,0.0,0.0,3.0,2.0,1.0,4.0,4.0,0.0,0.0,27.0,6.48,7.98,14.0,0.0,0.0,0.0,0.0,0.0,2.0,5.0,1.0,0.0
Dybala,Roma,A,"['Fuoriclasse', 'Titolare', 'Buona Media', 'Goleador', 'Assistman', 'Rigorista', 'Piazzati']",40%,33,34,-1,279,27.0,6.48,8.2,13.0,0.0,0.0,7.0,7.0,0.0,9.0,3.0,0.0,0.0,25.0,6.64,8.24,12.0,0.0,0.0,5.0,5.0,0.0,6.0,4.0,0.0,0.0,28.0,6.36,7.45,10.0,0.0,0.0,2.0,1.0,1.0,5.0,3.0,0.0,0.0
Lukaku,Napoli,A,"['Outsider', 'Titolare', 'Goleador', 'Rigorista']",40%,33,33,0,340,32.0,6.09,7.2,13.0,0.0,0.0,1.0,0.0,1.0,3.0,5.0,1.0,0.0,25.0,6.24,7.66,10.0,0.0,0.0,2.0,2.0,0.0,6.0,1.0,0.0,0.0,0.0,0.0,0.0,0.0,0.0,0.0,0.0,0.0,0.0,0.0,0.0,0.0,0.0
Thuram,Inter,A,"['Titolare', 'Buona Media']",40%,32,31,1,260,35.0,6.54,7.81,13.0,0.0,0.0,0.0,0.0,0.0,7.0,3.0,0.0,0.0,,,,,,,,,,,,,,,,,,,,,,,,,,
Kvaratskhelia,Napoli,A,"['Outsider', 'Titolare', 'Goleador', 'Assistman', 'Rigorista', 'Giovane talento']",80%,30,29,1,260,34.0,6.25,7.25,11.0,0.0,0.0,0.0,0.0,0.0,5.0,8.0,0.0,0.0,34.0,6.62,7.96,12.0,0.0,0.0,2.0,2.0,0.0,10.0,1.0,0.0,0.0,,,,,,,,,,,,,
Dovbyk,Roma,A,"['Fuoriclasse', 'Titolare', 'Buona Media', 'Goleador', 'Rigorista']",60%,30,32,-2,238,,,,,,,,,,,,,,,,,,,,,,,,,,,,,,,,,,,,,,,
Scamacca,Atalanta,A,"['Titolare', 'Goleador', 'Falloso', 'Giovane talento']",40%,27,28,-1,145,28.0,6.41,7.89,12.0,0.0,0.0,0.0,0.0,0.0,6.0,1.0,0.0,0.0,0.0,0.0,0.0,0.0,0.0,0.0,0.0,0.0,0.0,0.0,0.0,0.0,0.0,32.0,6.22,7.61,16.0,0.0,0.0,1.0,1.0,0.0,0.0,7.0,0.0,0.0
Lookman,Atalanta,A,"['Fuoriclasse', 'Titolare', 'Buona Media', 'Goleador']",40%,27,28,-1,222,30.0,6.37,7.63,11.0,0.0,0.0,0.0,0.0,0.0,7.0,4.0,0.0,0.0,30.0,6.47,7.92,13.0,0.0,0.0,3.0,3.0,0.0,6.0,3.0,0.0,0.0,,,,,,,,,,,,,
Morata,Milan,A,"['Fuoriclasse', 'Titolare', 'Buona Media', 'Goleador', 'Rigorista']",60%,26,26,0,181,,,,,,,,,,,,,,,,,,,,,,,,,,,35.0,6.1,6.91,9.0,0.0,0.0,1.0,1.0,0.0,4.0,5.0,0.0,0.0
Zapata D.,Torino,A,,,26,25,1,172,37.0,6.26,7.36,13.0,0.0,0.0,0.0,0.0,0.0,3.0,2.0,0.0,0.0,24.0,5.96,6.27,2.0,0.0,0.0,0.0,0.0,0.0,2.0,1.0,0.0,0.0,24.0,6.38,7.73,10.0,0.0,0.0,3.0,3.0,0.0,4.0,3.0,0.0,0.0
Gudmundsson A.,Fiorentina,A,,,26,27,-1,170,35.0,6.47,7.64,14.0,0.0,0.0,5.0,4.0,1.0,4.0,4.0,0.0,0.0,,,,,,,,,,,,,,11.0,5.68,5.82,1.0,0.0,0.0,0.0,0.0,0.0,0.0,3.0,0.0,0.0
Gonzalez N.,Juventus,A,,,24,25,-1,102,29.0,6.31,7.4,12.0,0.0,0.0,3.0,1.0,2.0,2.0,1.0,0.0,0.0,22.0,6.11,6.86,6.0,0.0,0.0,2.0,2.0,0.0,0.0,3.0,0.0,0.0,33.0,6.35,7.11,7.0,0.0,0.0,3.0,3.0,0.0,6.0,2.0,1.0,0.0
Leao,Milan,A,"['Fuoriclasse', 'Titolare', 'Buona Media', 'Goleador', 'Assistman', 'Giovane talento']",60%,24,25,-1,200,33.0,6.39,7.41,9.0,0.0,0.0,0.0,0.0,0.0,9.0,5.0,0.0,0.0,34.0,6.47,7.9,15.0,0.0,0.0,0.0,0.0,0.0,7.0,5.0,1.0,0.0,34.0,6.63,7.84,11.0,0.0,0.0,0.0,0.0,0.0,10.0,4.0,0.0,0.0
Retegui,Atalanta,A,"['Outsider', 'Titolare', 'Goleador', 'Rigorista']",60%,23,20,3,194,29.0,6.09,6.79,7.0,0.0,0.0,1.0,1.0,0.0,2.0,5.0,0.0,0.0,,,,,,,,,,,,,,,,,,,,,,,,,,
Castellanos,Lazio,A,"['Titolare', 'Goleador', 'Falloso']",60%,22,21,1,112,31.0,5.87,6.32,4.0,0.0,0.0,0.0,0.0,0.0,3.0,2.0,0.0,0.0,,,,,,,,,,,,,,,,,,,,,,,,,,
De Ketelaere,Atalanta,A,"['Fuoriclasse', 'Panchinaro', 'Goleador', 'Assistman', 'Piazzati', 'Falloso', 'Giovane talento']",60%,21,21,0,147,33.0,6.32,7.39,10.0,0.0,0.0,1.0,1.0,0.0,8.0,1.0,0.0,1.0,27.0,5.74,5.74,0.0,0.0,0.0,0.0,0.0,0.0,1.0,2.0,0.0,0.0,,,,,,,,,,,,,
Dallinga,Bologna,A,"['Outsider', 'Titolare', 'Goleador']",60%,21,22,-1,94,,,,,,,,,,,,,,,,,,,,,,,,,,,,,,,,,,,,,,,
Kean,Fiorentina,A,"['Outsider', 'Titolare', 'Goleador', 'Falloso']",80%,20,21,-1,100,14.0,6.0,5.93,0.0,0.0,0.0,0.0,0.0,0.0,0.0,2.0,0.0,0.0,23.0,5.89,6.52,6.0,0.0,0.0,0.0,0.0,0.0,0.0,5.0,1.0,0.0,25.0,5.96,6.56,5.0,0.0,0.0,0.0,0.0,0.0,2.0,5.0,0.0,0.0
Pinamonti,Genoa,A,"['Titolare', 'Buona Media', 'Goleador', 'Rigorista']",60%,19,18,1,97,37.0,5.92,6.7,11.0,0.0,0.0,3.0,2.0,1.0,1.0,4.0,0.0,0.0,32.0,5.67,6.06,5.0,0.0,0.0,1.0,1.0,0.0,0.0,3.0,1.0,0.0,36.0,6.15,7.21,13.0,0.0,0.0,4.0,4.0,0.0,1.0,4.0,0.0,0.0
Soule',Roma,A,"['Outsider', 'Titolare', 'Buona Media', 'Goleador', 'Assistman', 'Giovane talento']",40%,19,20,-1,93,36.0,6.29,7.07,11.0,0.0,0.0,6.0,5.0,1.0,2.0,4.0,0.0,1.0,7.0,6.14,6.57,1.0,0.0,0.0,0.0,0.0,0.0,0.0,0.0,0.0,0.0,,,,,,,,,,,,,
Belotti,Como,A,"['Panchinaro', 'Goleador', 'Rigorista']",40%,16,17,-1,75,24.0,6.21,7.1,6.0,0.0,0.0,0.0,0.0,0.0,4.0,1.0,0.0,0.0,22.0,5.8,5.75,0.0,0.0,0.0,1.0,0.0,1.0,2.0,0.0,0.0,0.0,22.0,6.2,7.32,8.0,0.0,0.0,3.0,3.0,0.0,1.0,1.0,0.0,0.0
Yildiz,Juventus,A,"['Titolare', 'Giovane talento']",60%,16,15,1,84,21.0,6.05,6.29,2.0,0.0,0.0,0.0,0.0,0.0,0.0,3.0,0.0,0.0,,,,,,,,,,,,,,,,,,,,,,,,,,
Krstovic,Lecce,A,"['Outsider', 'Titolare', 'Goleador', 'Rigorista']",60%,16,17,-1,72,33.0,5.91,6.3,7.0,0.0,0.0,3.0,1.0,2.0,1.0,4.0,1.0,0.0,,,,,,,,,,,,,,,,,,,,,,,,,,
Noslin,Lazio,A,"['Titolare', 'Goleador', 'Assistman']",60%,16,16,0,73,17.0,6.35,7.41,5.0,0.0,0.0,0.0,0.0,0.0,4.0,2.0,0.0,0.0,,,,,,,,,,,,,,,,,,,,,,,,,,
Taremi,Inter,A,"['Panchinaro', 'Buona Media', 'Assistman']",40%,16,15,1,70,,,,,,,,,,,,,,,,,,,,,,,,,,,,,,,,,,,,,,,
Adams C.,Torino,A,,,16,14,2,72,,,,,,,,,,,,,,,,,,,,,,,,,,,,,,,,,,,,,,,
Sanchez,Udinese,A,"['Outsider', 'Titolare', 'Buona Media', 'Assistman']",40%,15,16,-1,70,19.0,6.18,6.76,2.0,0.0,0.0,1.0,1.0,0.0,5.0,0.0,0.0,0.0,0.0,0.0,0.0,0.0,0.0,0.0,0.0,0.0,0.0,0.0,0.0,0.0,0.0,22.0,6.14,6.91,5.0,0.0,0.0,0.0,0.0,0.0,2.0,0.0,0.0,0.0
Pohjanpalo,Venezia,A,"['Fuoriclasse', 'Titolare', 'Goleador', 'Rigorista']",60%,15,16,-1,78,,,,,,,,,,,,,,,,,,,,,,,,,,,,,,,,,,,,,,,
Dia,Lazio,A,"['Outsider', 'Panchinaro', 'Buona Media', 'Goleador']",40%,15,15,0,66,17.0,5.85,6.53,4.0,0.0,0.0,1.0,1.0,0.0,0.0,1.0,0.0,0.0,33.0,6.27,7.82,16.0,0.0,0.0,1.0,1.0,0.0,5.0,4.0,0.0,0.0,,,,,,,,,,,,,
Piccoli,Cagliari,A,"['Outsider', 'Titolare', 'Goleador', 'Falloso']",60%,14,13,1,55,32.0,6.02,6.41,5.0,0.0,0.0,1.0,1.0,0.0,0.0,5.0,0.0,0.0,16.0,5.84,6.22,2.0,0.0,0.0,0.0,0.0,0.0,0.0,0.0,0.0,0.0,8.0,5.69,6.06,1.0,0.0,0.0,0.0,0.0,0.0,0.0,0.0,0.0,0.0
Lucca,Udinese,A,"['Titolare', 'Goleador', 'Rigorista', 'Piazzati', 'Giovane talento']",60%,14,14,0,71,34.0,6.04,6.75,8.0,0.0,0.0,0.0,0.0,0.0,3.0,6.0,0.0,0.0,,,,,,,,,,,,,,,,,,,,,,,,,,
Colombo,Empoli,A,"['Outsider', 'Panchinaro', 'Goleador', 'Rigorista', 'Falloso', 'Giovane talento']",60%,13,12,1,55,23.0,5.89,6.39,4.0,0.0,0.0,0.0,0.0,0.0,1.0,3.0,0.0,0.0,26.0,5.94,6.37,5.0,0.0,0.0,2.0,1.0,1.0,1.0,4.0,0.0,0.0,,,,,,,,,,,,,
Simeone,Napoli,A,['Panchinaro'],60%,12,11,1,15,17.0,5.74,5.82,1.0,0.0,0.0,0.0,0.0,0.0,0.0,3.0,0.0,0.0,12.0,6.29,7.33,4.0,0.0,0.0,0.0,0.0,0.0,1.0,1.0,0.0,0.0,35.0,6.17,7.54,17.0,0.0,0.0,1.0,0.0,1.0,4.0,8.0,0.0,0.0
Abraham,Milan,A,"['Panchinaro', 'Goleador']",40%,12,13,-1,30,6.0,5.83,6.25,1.0,0.0,0.0,0.0,0.0,0.0,0.0,1.0,0.0,0.0,34.0,6.19,6.96,8.0,0.0,0.0,0.0,0.0,0.0,3.0,2.0,0.0,0.0,37.0,6.26,7.62,17.0,0.0,0.0,3.0,3.0,0.0,4.0,9.0,0.0,0.0
Cambiaghi,Bologna,A,"['Panchinaro', 'Goleador', 'Giovane talento']",60%,12,12,0,20,37.0,6.14,6.2,1.0,0.0,0.0,0.0,0.0,0.0,1.0,3.0,0.0,0.0,25.0,6.24,6.9,6.0,0.0,0.0,0.0,0.0,0.0,1.0,3.0,1.0,0.0,,,,,,,,,,,,,
Luvumbo,Cagliari,A,"['Titolare', 'Giovane talento']",60%,12,12,0,38,30.0,6.27,6.75,4.0,0.0,0.0,0.0,0.0,0.0,5.0,5.0,0.0,0.0,,,,,,,,,,,,,,,,,,,,,,,,,,
Vitinha O.,Genoa,A,,,12,12,0,79,6.0,6.42,7.33,2.0,0.0,0.0,0.0,0.0,0.0,0.0,2.0,0.0,0.0,,,,,,,,,,,,,,,,,,,,,,,,,,
Okafor,Milan,A,"['Outsider', 'Panchinaro', 'Goleador', 'Piazzati']",40%,12,11,1,21,24.0,6.21,7.02,6.0,0.0,0.0,0.0,0.0,0.0,2.0,1.0,0.0,0.0,,,,,,,,,,,,,,,,,,,,,,,,,,
Isaksen,Lazio,A,"['Panchinaro', 'Goleador']",60%,12,11,1,25,23.0,6.07,6.46,3.0,0.0,0.0,0.0,0.0,0.0,1.0,3.0,0.0,0.0,,,,,,,,,,,,,,,,,,,,,,,,,,
Tengstedt,Verona,A,"['Outsider', 'Titolare', 'Goleador']",60%,12,12,0,22,,,,,,,,,,,,,,,,,,,,,,,,,,,,,,,,,,,,,,,
Milik,Juventus,A,"['Panchinaro', 'Goleador', 'Rigorista']",40%,11,12,-1,22,24.0,6.0,6.46,4.0,0.0,0.0,0.0,0.0,0.0,1.0,2.0,1.0,0.0,27.0,6.09,6.74,7.0,0.0,0.0,1.0,0.0,1.0,1.0,1.0,1.0,0.0,,,,,,,,,,,,,
Thauvin,Udinese,A,"['Outsider', 'Titolare', 'Buona Media', 'Assistman']",60%,11,10,1,37,25.0,6.2,6.84,5.0,0.0,0.0,1.0,1.0,0.0,3.0,4.0,0.0,0.0,11.0,5.68,5.68,0.0,0.0,0.0,0.0,0.0,0.0,0.0,1.0,0.0,0.0,,,,,,,,,,,,,
Djuric,Monza,A,"['Outsider', 'Titolare']",60%,11,12,-1,31,36.0,6.08,6.67,9.0,0.0,0.0,3.0,1.0,2.0,2.0,4.0,0.0,0.0,24.0,5.98,6.06,1.0,0.0,0.0,0.0,0.0,0.0,0.0,3.0,0.0,0.0,32.0,6.05,6.55,5.0,0.0,0.0,1.0,1.0,0.0,4.0,6.0,0.0,0.0
Sanabria,Torino,A,"['Titolare', 'Rigorista']",60%,10,10,0,18,35.0,5.84,6.24,5.0,0.0,0.0,2.0,2.0,0.0,0.0,2.0,0.0,0.0,31.0,6.27,7.52,12.0,0.0,0.0,1.0,1.0,0.0,4.0,4.0,0.0,0.0,25.0,6.18,6.88,6.0,0.0,0.0,0.0,0.0,0.0,1.0,3.0,0.0,0.0
Cutrone,Como,A,"['Outsider', 'Titolare', 'Buona Media', 'Goleador']",80%,10,9,1,23,,,,,,,,,,,,,,,,,,,,,,,,,,,24.0,5.88,6.23,3.0,0.0,0.0,0.0,0.0,0.0,0.0,1.0,0.0,0.0
Raspadori,Napoli,A,"['Outsider', 'Titolare', 'Goleador', 'Giovane talento']",60%,10,11,-1,22,33.0,5.98,6.44,5.0,0.0,0.0,1.0,0.0,1.0,3.0,0.0,0.0,0.0,23.0,5.89,6.22,2.0,0.0,0.0,0.0,0.0,0.0,2.0,1.0,0.0,0.0,36.0,6.07,6.89,10.0,0.0,0.0,0.0,0.0,0.0,4.0,7.0,1.0,0.0
Almqvist,Parma,A,['Titolare'],60%,10,9,1,18,30.0,5.98,6.13,2.0,0.0,0.0,0.0,0.0,0.0,1.0,5.0,0.0,0.0,,,,,,,,,,,,,,,,,,,,,,,,,,
Beltran L.,Fiorentina,A,,,10,11,-1,34,30.0,6.12,6.65,6.0,0.0,0.0,1.0,1.0,0.0,1.0,6.0,0.0,0.0,,,,,,,,,,,,,,,,,,,,,,,,,,
Mosquera,Verona,A,"['Outsider', 'Panchinaro', 'Goleador']",60%,10,8,2,25,,,,,,,,,,,,,,,,,,,,,,,,,,,,,,,,,,,,,,,
Lapadula,Cagliari,A,"['Panchinaro', 'Goleador', 'Rigorista', 'Falloso']",60%,9,9,0,11,21.0,5.88,6.24,3.0,0.0,0.0,1.0,1.0,0.0,0.0,3.0,0.0,0.0,,,,,,,,,,,,,,,,,,,,,,,,,,
Caprari,Monza,A,"['Titolare', 'Buona Media', 'Rigorista', 'Piazzati']",40%,9,9,0,17,5.0,5.9,5.9,0.0,0.0,0.0,0.0,0.0,0.0,0.0,0.0,0.0,0.0,36.0,6.03,6.4,5.0,0.0,0.0,1.0,1.0,0.0,2.0,7.0,0.0,0.0,34.0,6.54,7.75,12.0,0.0,0.0,2.0,2.0,0.0,7.0,4.0,0.0,0.0
Jovic,Milan,A,"['Panchinaro', 'Goleador', 'Rigorista']",60%,9,10,-1,16,19.0,5.89,6.79,6.0,0.0,0.0,0.0,0.0,0.0,1.0,2.0,1.0,0.0,27.0,5.98,6.56,6.0,0.0,0.0,1.0,0.0,1.0,2.0,3.0,0.0,0.0,,,,,,,,,,,,,
Odgaard,Bologna,A,"['Outsider', 'Panchinaro', 'Goleador']",60%,9,10,-1,13,9.0,6.22,7.0,2.0,0.0,0.0,0.0,0.0,0.0,1.0,1.0,0.0,0.0,,,,,,,,,,,,,,,,,,,,,,,,,,
Ekuban,Genoa,A,['Panchinaro'],40%,9,9,0,10,23.0,6.09,6.65,4.0,0.0,0.0,0.0,0.0,0.0,1.0,0.0,0.0,0.0,,,,,,,,,,,,,,29.0,5.71,5.84,1.0,0.0,0.0,0.0,0.0,0.0,2.0,2.0,0.0,0.0
Mota,Monza,A,"['Titolare', 'Buona Media']",40%,9,10,-1,22,33.0,6.0,6.41,4.0,0.0,0.0,0.0,0.0,0.0,3.0,3.0,0.0,0.0,29.0,6.09,6.64,5.0,0.0,0.0,0.0,0.0,0.0,2.0,2.0,0.0,0.0,,,,,,,,,,,,,
Ngonge,Napoli,A,"['Panchinaro', 'Buona Media', 'Goleador']",80%,9,9,0,12,28.0,6.14,6.86,7.0,0.0,0.0,0.0,0.0,0.0,2.0,6.0,0.0,0.0,13.0,6.04,6.73,3.0,0.0,0.0,0.0,0.0,0.0,1.0,2.0,0.0,0.0,,,,,,,,,,,,,
Benedyczak,Parma,A,"['Outsider', 'Titolare', 'Goleador', 'Giovane talento']",60%,9,10,-1,20,,,,,,,,,,,,,,,,,,,,,,,,,,,,,,,,,,,,,,,
Bonny,Parma,A,"['Outsider', 'Titolare', 'Assistman', 'Giovane talento']",60%,9,8,1,42,,,,,,,,,,,,,,,,,,,,,,,,,,,,,,,,,,,,,,,
Arnautovic,Inter,A,"['Panchinaro', 'Buona Media', 'Goleador', 'Rigorista', 'Falloso']",60%,8,8,0,20,24.0,6.15,6.9,5.0,0.0,0.0,0.0,0.0,0.0,3.0,0.0,0.0,0.0,21.0,6.38,7.74,10.0,0.0,0.0,3.0,3.0,0.0,1.0,5.0,0.0,0.0,32.0,6.28,7.44,14.0,0.0,0.0,3.0,2.0,1.0,1.0,6.0,0.0,0.0
Mihaila,Parma,A,"['Outsider', 'Panchinaro']",60%,8,8,0,17,,,,,,,,,,,,,,,,,,,,,,,,,,,2.0,5.5,5.5,0.0,0.0,0.0,0.0,0.0,0.0,0.0,0.0,0.0,0.0
Banda,Lecce,A,"['Titolare', 'Giovane talento']",40%,8,9,-1,13,21.0,6.07,6.33,2.0,0.0,0.0,0.0,0.0,0.0,3.0,5.0,1.0,0.0,32.0,6.05,6.17,2.0,0.0,0.0,0.0,0.0,0.0,1.0,6.0,0.0,0.0,,,,,,,,,,,,,
Brenner,Udinese,A,"['Panchinaro', 'Goleador', 'Rigorista']",40%,8,7,1,26,4.0,5.88,5.88,0.0,0.0,0.0,0.0,0.0,0.0,0.0,0.0,0.0,0.0,,,,,,,,,,,,,,,,,,,,,,,,,,
Castro S.,Bologna,A,,,8,8,0,47,5.0,6.0,6.5,1.0,0.0,0.0,0.0,0.0,0.0,0.0,1.0,0.0,0.0,,,,,,,,,,,,,,,,,,,,,,,,,,
Cancellieri,Parma,A,"['Panchinaro', 'Falloso', 'Giovane talento']",80%,6,4,2,13,34.0,6.0,6.31,4.0,0.0,0.0,0.0,0.0,0.0,2.0,7.0,0.0,0.0,6.0,5.83,5.83,0.0,0.0,0.0,0.0,0.0,0.0,0.0,4.0,0.0,0.0,5.0,6.1,6.6,1.0,0.0,0.0,0.0,0.0,0.0,0.0,1.0,0.0,0.0
Davis K.,Udinese,A,,,6,6,0,8,5.0,6.2,6.6,1.0,0.0,0.0,0.0,0.0,0.0,0.0,2.0,0.0,0.0,,,,,,,,,,,,,,,,,,,,,,,,,,
Rocha Livramento,Verona,A,,,6,4,2,12,,,,,,,,,,,,,,,,,,,,,,,,,,,,,,,,,,,,,,,
Petagna,Monza,A,"['Panchinaro', 'Falloso']",60%,5,5,0,13,15.0,5.8,6.0,1.0,0.0,0.0,0.0,0.0,0.0,1.0,2.0,0.0,0.0,31.0,6.05,6.56,4.0,0.0,0.0,1.0,1.0,0.0,5.0,2.0,0.0,0.0,13.0,6.04,6.77,3.0,0.0,0.0,0.0,0.0,0.0,1.0,1.0,0.0,0.0
Shomurodov,Roma,A,"['Panchinaro', 'Goleador']",60%,5,3,2,6,20.0,5.85,6.42,3.0,0.0,0.0,0.0,0.0,0.0,3.0,1.0,0.0,0.0,17.0,5.76,5.97,1.0,0.0,0.0,0.0,0.0,0.0,1.0,2.0,0.0,0.0,20.0,6.1,6.72,3.0,0.0,0.0,0.0,0.0,0.0,4.0,2.0,0.0,0.0
Gytkjaer,Venezia,A,['Panchinaro'],80%,5,5,0,10,,,,,,,,,,,,,,15.0,5.73,5.73,1.0,0.0,0.0,1.0,0.0,1.0,0.0,0.0,0.0,0.0,,,,,,,,,,,,,
Mbangula,Juventus,A,,,5,1,4,17,,,,,,,,,,,,,,,,,,,,,,,,,,,,,,,,,,,,,,,
Dominguez B.,Bologna,A,,,5,5,0,11,,,,,,,,,,,,,,,,,,,,,,,,,,,,,,,,,,,,,,,
Rebic,Lecce,A,"['Titolare', 'Buona Media']",60%,4,4,0,7,,,,,,,,,,,,,,18.0,5.86,6.39,3.0,0.0,0.0,0.0,0.0,0.0,2.0,4.0,0.0,0.0,22.0,6.07,6.39,2.0,0.0,0.0,0.0,0.0,0.0,2.0,2.0,0.0,0.0
Kouame',Fiorentina,A,"['Panchinaro', 'Buona Media', 'Goleador', 'Giovane talento']",40%,4,4,0,13,20.0,5.95,6.3,2.0,0.0,0.0,0.0,0.0,0.0,1.0,0.0,0.0,0.0,28.0,6.11,6.62,4.0,0.0,0.0,0.0,0.0,0.0,5.0,5.0,0.0,0.0,0.0,0.0,0.0,0.0,0.0,0.0,0.0,0.0,0.0,0.0,0.0,0.0,0.0
Esposito Se.,Empoli,A,,,4,3,1,15,0.0,0.0,0.0,0.0,0.0,0.0,0.0,0.0,0.0,0.0,0.0,0.0,0.0,,,,,,,,,,,,,,,,,,,,,,,,,,
Solbakken,Empoli,A,"['Panchinaro', 'Assistman']",80%,4,3,1,12,1.0,5.5,5.5,0.0,0.0,0.0,0.0,0.0,0.0,0.0,0.0,0.0,0.0,9.0,5.94,6.39,1.0,0.0,0.0,0.0,0.0,0.0,2.0,2.0,0.0,0.0,,,,,,,,,,,,,
Sarr A.,Verona,A,,,4,4,0,7,,,,,,,,,,,,,,,,,,,,,,,,,,,,,,,,,,,,,,,
Pierotti,Lecce,A,"['Panchinaro', 'Giovane talento']",60%,4,4,0,4,7.0,6.07,6.21,0.0,0.0,0.0,0.0,0.0,0.0,1.0,0.0,0.0,0.0,,,,,,,,,,,,,,,,,,,,,,,,,,
Bravo,Udinese,A,,,4,4,0,8,,,,,,,,,,,,,,,,,,,,,,,,,,,,,,,,,,,,,,,
Pavoletti,Cagliari,A,"['Panchinaro', 'Buona Media']",60%,3,3,0,5,14.0,6.25,7.04,4.0,0.0,0.0,0.0,0.0,0.0,1.0,4.0,0.0,0.0,,,,,,,,,,,,,,28.0,5.89,6.32,5.0,0.0,0.0,0.0,0.0,0.0,1.0,9.0,0.0,0.0
Correa,Inter,A,,,3,3,0,7,0.0,0.0,0.0,0.0,0.0,0.0,0.0,0.0,0.0,0.0,0.0,0.0,0.0,23.0,5.93,6.35,3.0,0.0,0.0,0.0,0.0,0.0,1.0,1.0,0.0,0.0,26.0,6.06,6.75,6.0,0.0,0.0,0.0,0.0,0.0,1.0,2.0,0.0,0.0
Pellegri,Empoli,A,"['Panchinaro', 'Goleador']",80%,3,3,0,8,15.0,5.87,6.03,1.0,0.0,0.0,0.0,0.0,0.0,1.0,3.0,0.0,0.0,11.0,6.0,6.5,2.0,0.0,0.0,0.0,0.0,0.0,1.0,3.0,0.0,0.0,10.0,5.9,6.15,1.0,0.0,0.0,0.0,0.0,0.0,0.0,1.0,0.0,0.0
Pedro,Lazio,A,"['Panchinaro', 'Goleador']",40%,3,3,0,5,26.0,5.92,6.0,1.0,0.0,0.0,0.0,0.0,0.0,1.0,4.0,0.0,0.0,36.0,6.12,6.53,4.0,0.0,0.0,0.0,0.0,0.0,3.0,1.0,0.0,0.0,32.0,6.25,7.14,9.0,0.0,0.0,0.0,0.0,0.0,4.0,5.0,0.0,0.0
Pizarro,Udinese,A,,,3,3,0,7,,,,,,,,,,,,,,,,,,,,,,,,,,,,,,,,,,,,,,,
Cerri,Como,A,['Panchinaro'],80%,2,1,1,1,11.0,5.86,6.05,1.0,0.0,0.0,0.0,0.0,0.0,0.0,2.0,0.0,0.0,,,,,,,,,,,,,,0.0,0.0,0.0,0.0,0.0,0.0,0.0,0.0,0.0,0.0,0.0,0.0,0.0
Raimondo,Venezia,A,"['Panchinaro', 'Giovane talento']",60%,2,1,1,2,0.0,0.0,0.0,0.0,0.0,0.0,0.0,0.0,0.0,0.0,0.0,0.0,0.0,0.0,0.0,0.0,0.0,0.0,0.0,0.0,0.0,0.0,0.0,0.0,0.0,0.0,,,,,,,,,,,,,
Gabrielloni,Como,A,,,2,2,0,2,,,,,,,,,,,,,,,,,,,,,,,,,,,,,,,,,,,,,,,
Karamoh,Torino,A,,,1,1,0,1,5.0,6.1,6.1,0.0,0.0,0.0,0.0,0.0,0.0,0.0,0.0,0.0,0.0,15.0,6.1,6.83,4.0,0.0,0.0,0.0,0.0,0.0,0.0,2.0,0.0,0.0,,,,,,,,,,,,,
Burnete,Lecce,A,"['Panchinaro', 'Giovane talento']",60%,1,1,0,1,1.0,6.0,6.0,0.0,0.0,0.0,0.0,0.0,0.0,0.0,0.0,0.0,0.0,,,,,,,,,,,,,,,,,,,,,,,,,,
Cruz,Verona,A,,,1,1,0,1,3.0,5.67,5.67,0.0,0.0,0.0,0.0,0.0,0.0,0.0,0.0,0.0,0.0,,,,,,,,,,,,,,,,,,,,,,,,,,
Camarda,Milan,A,,,1,1,0,1,0.0,0.0,0.0,0.0,0.0,0.0,0.0,0.0,0.0,0.0,0.0,0.0,0.0,,,,,,,,,,,,,,,,,,,,,,,,,,
Ankeye,Genoa,A,"['Panchinaro', 'Goleador']",60%,1,1,0,1,2.0,5.75,5.75,0.0,0.0,0.0,0.0,0.0,0.0,0.0,0.0,0.0,0.0,,,,,,,,,,,,,,,,,,,,,,,,,,
Mutandwa,Cagliari,A,,,1,1,0,2,,,,,,,,,,,,,,,,,,,,,,,,,,,,,,,,,,,,,,,
Joao Costa,Roma,A,,,1,1,0,1,,,,,,,,,,,,,,,,,,,,,,,,,,,,,,,,,,,,,,,
Jasim,Como,A,,,1,1,0,1,,,,,,,,,,,,,,,,,,,,,,,,,,,,,,,,,,,,,,,
Charpentier,Parma,A,['Panchinaro'],60%,1,1,0,1,,,,,,,,,,,,,,,,,,,,,,,,,,,,,,,,,,,,,,,
Ekhator,Genoa,A,,,1,1,0,1,,,,,,,,,,,,,,,,,,,,,,,,,,,,,,,,,,,,,,,
